title,text,subject,date,label
Secret discovery: a secret government plan,An unverified article supposedly proves a secret government plan. The report uses anonymous sources without identifying them. The claim has not been independently verified. The story says officials are hiding the information from the public.,environment,2025-02-18,0
New report: industry analysts introduced a technology update,Industry analysts introduced a technology update. The announcement included information about the project and its expected implementation. The report included data collected over several months. Officials encouraged the public to use information from reliable sources.,technology,2025-07-14,1
health officials approved updated information on an annual report,Health officials approved an annual report. Researchers said additional studies are needed to understand the long-term effects. The proposal will be considered by the relevant authorities. The report included data collected over several months.,sports,2025-04-27,1
a mysterious source claims a shocking scientific discovery,A mysterious source claims a shocking scientific discovery. No independent organization has confirmed the claim. The report provides no verifiable evidence for the claim. The report uses anonymous sources without identifying them.,education,2025-06-01,0
researchers announced updated information on the results of a study,Researchers announced the results of a study. Officials encouraged the public to use information from reliable sources. Researchers said additional studies are needed to understand the long-term effects. The company said more details would be provided after the review.,environment,2025-04-12,1
SHOCKING: a revolutionary invention supposedly proves by a viral post,A viral post supposedly proves a revolutionary invention. The information has circulated widely on social media. The article encourages readers to believe the information without providing reliable evidence. The article encourages readers to believe the information without providing reliable evidence.,business,2025-08-15,0
New report: local authorities published updated safety measures,Local authorities published updated safety measures. Researchers said additional studies are needed to understand the long-term effects. The report included data collected over several months. The report included data collected over several months.,environment,2025-03-20,1
Bengaluru: education officials confirmed updated public guidance,Education officials confirmed updated public guidance. The announcement included information about the project and its expected implementation. The study examined available evidence and identified several areas for further research. The findings were presented during a public meeting.,science,2025-11-21,1
New report: education officials examined updated safety measures,Education officials examined updated safety measures. Officials said the measure would be reviewed periodically. The findings were presented during a public meeting. The report included data collected over several months.,space,2025-02-10,1
Bengaluru: scientists confirmed updated safety measures,Scientists confirmed updated safety measures. The organization said the program would be implemented in phases. The study examined available evidence and identified several areas for further research. The organization said the program would be implemented in phases.,business,2025-03-10,1
health officials presented a new development program,Health officials presented a new development program. Officials encouraged the public to use information from reliable sources. The proposal will be considered by the relevant authorities. Researchers said additional studies are needed to understand the long-term effects.,science,2025-07-20,1
Chennai: transport authorities confirmed a new policy proposal,Transport authorities confirmed a new policy proposal. Officials encouraged the public to use information from reliable sources. The company said more details would be provided after the review. The report included data collected over several months.,space,2025-10-03,1
university researchers approved updated information on a research project,University researchers approved a research project. The report included data collected over several months. Officials said the measure would be reviewed periodically. Researchers said additional studies are needed to understand the long-term effects.,science,2025-01-08,1
SHOCKING: a secret cure secretly announces by a social media message,A social media message secretly announces a secret cure. No independent organization has confirmed the claim. The source does not provide reliable documents or research. The source does not provide reliable documents or research.,space,2025-06-25,0
BREAKING: a social media message reportedly reveals a secret cure,A social media message reportedly reveals a secret cure. No independent organization has confirmed the claim. The story contains sensational statements without supporting evidence. The source does not provide reliable documents or research.,health,2025-08-27,0
researchers reviewed a new research report,Researchers reviewed a new research report. Researchers said additional studies are needed to understand the long-term effects. Officials said the measure would be reviewed periodically. The report included data collected over several months.,business,2025-03-24,1
India: company representatives approved updated public guidance,Company representatives approved updated public guidance. Researchers said additional studies are needed to understand the long-term effects. The findings were presented during a public meeting. Researchers said additional studies are needed to understand the long-term effects.,environment,2025-08-24,1
Hyderabad authorities confirmed an annual report,Transport authorities confirmed an annual report. The study examined available evidence and identified several areas for further research. The report included data collected over several months. The announcement included information about the project and its expected implementation.,government,2025-03-09,1
Secret discovery: a hidden technology,An internet report mysteriously claims a hidden technology. No independent organization has confirmed the claim. The report provides no verifiable evidence for the claim. The article encourages readers to believe the information without providing reliable evidence.,technology,2025-04-01,0
an internet report claims an unbelievable breakthrough,An internet report claims an unbelievable breakthrough. The report uses anonymous sources without identifying them. The report provides no verifiable evidence for the claim. The story says officials are hiding the information from the public.,business,2025-05-08,0
Secret discovery: a hidden international agreement,An anonymous source alleges a hidden international agreement. No independent organization has confirmed the claim. The information has circulated widely on social media. The report uses anonymous sources without identifying them.,science,2025-07-11,0
company representatives introduced updated information on updated safety measures,Company representatives introduced updated safety measures. The organization said the program would be implemented in phases. The company said more details would be provided after the review. The announcement included information about the project and its expected implementation.,health,2025-06-02,1
URGENT: a miraculous discovery reportedly discovered,An unverified article mysteriously claims a miraculous discovery. The claim has not been independently verified. The story says officials are hiding the information from the public. The source does not provide reliable documents or research.,transport,2025-03-04,0
India: university researchers approved an annual report,University researchers approved an annual report. The report included data collected over several months. The announcement included information about the project and its expected implementation. The organization said the program would be implemented in phases.,technology,2025-07-21,1
BREAKING: a viral video reportedly reveals a mysterious experiment,A viral video reportedly reveals a mysterious experiment. The claim has not been independently verified. The report provides no verifiable evidence for the claim. The claim has not been independently verified.,environment,2025-10-16,0
SHOCKING: an unbelievable breakthrough secretly announces by an unverified report,An unverified report secretly announces an unbelievable breakthrough. The article encourages readers to believe the information without providing reliable evidence. The report provides no verifiable evidence for the claim. The information has circulated widely on social media.,government,2025-01-16,0
an internet report is said to reveal a mysterious experiment,An internet report is said to reveal a mysterious experiment. The source does not provide reliable documents or research. The claim has not been independently verified. The article encourages readers to believe the information without providing reliable evidence.,government,2025-07-04,0
Chennai: health officials introduced the results of a study,Health officials introduced the results of a study. The study examined available evidence and identified several areas for further research. The findings were presented during a public meeting. Officials said the measure would be reviewed periodically.,science,2025-08-24,1
Hyderabad authorities examined updated public guidance,Education officials examined updated public guidance. The findings were presented during a public meeting. The study examined available evidence and identified several areas for further research. The proposal will be considered by the relevant authorities.,government,2025-03-10,1
URGENT: a secret government plan reportedly discovered,A viral video apparently confirms a secret government plan. The article asks readers to share the information immediately. The claim has not been independently verified. The information has circulated widely on social media.,transport,2025-10-02,0
an unverified report reportedly reveals a mysterious experiment,An unverified report reportedly reveals a mysterious experiment. No independent organization has confirmed the claim. The article asks readers to share the information immediately. The information has circulated widely on social media.,sports,2025-11-15,0
an unverified article alleges a completely unknown city,An unverified article alleges a completely unknown city. No independent organization has confirmed the claim. The source does not provide reliable documents or research. The information has circulated widely on social media.,business,2025-06-09,0
Bengaluru authorities introduced a new research report,Company representatives introduced a new research report. The company said more details would be provided after the review. Researchers said additional studies are needed to understand the long-term effects. The proposal will be considered by the relevant authorities.,transport,2025-11-07,1
SHOCKING: a secret cure secretly announces by a sensational website,A sensational website secretly announces a secret cure. The story says officials are hiding the information from the public. The story says officials are hiding the information from the public. The report provides no verifiable evidence for the claim.,science,2025-10-05,0
New report: university researchers reviewed a research project,University researchers reviewed a research project. The company said more details would be provided after the review. The company said more details would be provided after the review. The company said more details would be provided after the review.,education,2025-12-28,1
New Delhi: company representatives released the results of a study,Company representatives released the results of a study. The proposal will be considered by the relevant authorities. The proposal will be considered by the relevant authorities. Officials said the measure would be reviewed periodically.,government,2025-10-09,1
Bengaluru: researchers reported a new policy proposal,Researchers reported a new policy proposal. The study examined available evidence and identified several areas for further research. Officials encouraged the public to use information from reliable sources. Researchers said additional studies are needed to understand the long-term effects.,government,2025-08-26,1
New report: transport authorities examined an annual report,Transport authorities examined an annual report. The announcement included information about the project and its expected implementation. The study examined available evidence and identified several areas for further research. The announcement included information about the project and its expected implementation.,science,2025-05-27,1
BREAKING: an anonymous source reportedly reveals a revolutionary invention,An anonymous source reportedly reveals a revolutionary invention. The source does not provide reliable documents or research. The story says officials are hiding the information from the public. The claim has not been independently verified.,science,2025-03-18,0
Secret discovery: a shocking scientific discovery,A sensational website mysteriously claims a shocking scientific discovery. The article asks readers to share the information immediately. The article encourages readers to believe the information without providing reliable evidence. The article encourages readers to believe the information without providing reliable evidence.,education,2025-07-18,0
an unverified article alleges a hidden international agreement,An unverified article alleges a hidden international agreement. The claim has not been independently verified. The article encourages readers to believe the information without providing reliable evidence. The source does not provide reliable documents or research.,transport,2025-07-19,0
local authorities introduced the results of a study,Local authorities introduced the results of a study. The announcement included information about the project and its expected implementation. The report included data collected over several months. Researchers said additional studies are needed to understand the long-term effects.,sports,2025-07-28,1
VIRAL: a social media message secretly announces a hidden technology,A social media message secretly announces a hidden technology. No independent organization has confirmed the claim. The report provides no verifiable evidence for the claim. The article encourages readers to believe the information without providing reliable evidence.,environment,2025-11-11,0
VIRAL: a social media message reportedly reveals a secret cure,A social media message reportedly reveals a secret cure. The report uses anonymous sources without identifying them. The article encourages readers to believe the information without providing reliable evidence. The article asks readers to share the information immediately.,transport,2025-01-27,0
VIRAL: an internet report claims a shocking scientific discovery,An internet report claims a shocking scientific discovery. The claim has not been independently verified. The report provides no verifiable evidence for the claim. The source does not provide reliable documents or research.,health,2025-01-10,0
New Delhi: local authorities confirmed a public transport plan,Local authorities confirmed a public transport plan. Officials said the measure would be reviewed periodically. Researchers said additional studies are needed to understand the long-term effects. The company said more details would be provided after the review.,health,2025-01-18,1
SHOCKING: a secret cure reportedly reveals by a sensational website,A sensational website reportedly reveals a secret cure. The claim has not been independently verified. The story says officials are hiding the information from the public. The report uses anonymous sources without identifying them.,sports,2025-12-07,0
an unverified report claims a secret government plan,An unverified report claims a secret government plan. No independent organization has confirmed the claim. The article asks readers to share the information immediately. The article encourages readers to believe the information without providing reliable evidence.,science,2025-02-27,0
VIRAL: a viral video alleges a completely unknown city,A viral video alleges a completely unknown city. The story contains sensational statements without supporting evidence. The claim has not been independently verified. The story contains sensational statements without supporting evidence.,education,2025-03-23,0
URGENT: a miraculous discovery reportedly discovered,A mysterious source is said to reveal a miraculous discovery. The story says officials are hiding the information from the public. The article asks readers to share the information immediately. The article asks readers to share the information immediately.,transport,2025-06-08,0
a mysterious source supposedly proves an unbelievable breakthrough,A mysterious source supposedly proves an unbelievable breakthrough. The report uses anonymous sources without identifying them. The claim has not been independently verified. The article asks readers to share the information immediately.,science,2025-11-05,0
Secret discovery: a completely unknown city,An anonymous source mysteriously claims a completely unknown city. No independent organization has confirmed the claim. The story contains sensational statements without supporting evidence. The information has circulated widely on social media.,business,2025-09-18,0
an unverified report is said to reveal a completely unknown city,An unverified report is said to reveal a completely unknown city. The article asks readers to share the information immediately. The claim has not been independently verified. No independent organization has confirmed the claim.,environment,2025-05-09,0
URGENT: a secret cure reportedly discovered,An unverified report alleges a secret cure. The report provides no verifiable evidence for the claim. The story says officials are hiding the information from the public. The claim has not been independently verified.,education,2025-01-19,0
URGENT: a mysterious experiment reportedly discovered,An unverified article claims a mysterious experiment. The claim has not been independently verified. The report uses anonymous sources without identifying them. The article encourages readers to believe the information without providing reliable evidence.,business,2025-07-12,0
transport authorities announced a research project,Transport authorities announced a research project. The report included data collected over several months. The organization said the program would be implemented in phases. Officials encouraged the public to use information from reliable sources.,environment,2025-05-21,1
VIRAL: a sensational website apparently confirms a secret government plan,A sensational website apparently confirms a secret government plan. The claim has not been independently verified. The story contains sensational statements without supporting evidence. The article encourages readers to believe the information without providing reliable evidence.,science,2025-11-03,0
Delhi authorities presented updated safety measures,Company representatives presented updated safety measures. The report included data collected over several months. The proposal will be considered by the relevant authorities. Officials said the measure would be reviewed periodically.,business,2025-02-15,1
SHOCKING: a revolutionary invention mysteriously claims by a viral post,A viral post mysteriously claims a revolutionary invention. The story says officials are hiding the information from the public. The report uses anonymous sources without identifying them. The story says officials are hiding the information from the public.,science,2025-11-21,0
New report: scientists confirmed a new development program,Scientists confirmed a new development program. Officials encouraged the public to use information from reliable sources. The report included data collected over several months. The findings were presented during a public meeting.,government,2025-04-09,1
VIRAL: a viral video claims a shocking scientific discovery,A viral video claims a shocking scientific discovery. The information has circulated widely on social media. The report uses anonymous sources without identifying them. The story says officials are hiding the information from the public.,transport,2025-08-08,0
BREAKING: a mysterious source claims a miraculous discovery,A mysterious source claims a miraculous discovery. The article asks readers to share the information immediately. The claim has not been independently verified. The report provides no verifiable evidence for the claim.,business,2025-10-18,0
Secret discovery: a hidden international agreement,An anonymous source is said to reveal a hidden international agreement. The story says officials are hiding the information from the public. The source does not provide reliable documents or research. The claim has not been independently verified.,transport,2025-07-19,0
New report: transport authorities announced the results of a study,Transport authorities announced the results of a study. The report included data collected over several months. The report included data collected over several months. Officials encouraged the public to use information from reliable sources.,government,2025-11-08,1
local authorities approved updated information on updated public guidance,Local authorities approved updated public guidance. The report included data collected over several months. The announcement included information about the project and its expected implementation. The company said more details would be provided after the review.,space,2025-06-01,1
SHOCKING: a shocking scientific discovery apparently confirms by a viral video,A viral video apparently confirms a shocking scientific discovery. The article asks readers to share the information immediately. The report provides no verifiable evidence for the claim. The article asks readers to share the information immediately.,science,2025-11-09,0
a viral video mysteriously claims a shocking scientific discovery,A viral video mysteriously claims a shocking scientific discovery. The article asks readers to share the information immediately. The source does not provide reliable documents or research. The report provides no verifiable evidence for the claim.,education,2025-12-03,0
company representatives approved updated information on the results of a study,Company representatives approved the results of a study. The findings were presented during a public meeting. Researchers said additional studies are needed to understand the long-term effects. The proposal will be considered by the relevant authorities.,environment,2025-10-08,1
a social media message claims a secret government plan,A social media message claims a secret government plan. The article asks readers to share the information immediately. The source does not provide reliable documents or research. The article asks readers to share the information immediately.,transport,2025-09-23,0
Hyderabad: university researchers approved an annual report,University researchers approved an annual report. Officials said the measure would be reviewed periodically. The findings were presented during a public meeting. Officials encouraged the public to use information from reliable sources.,education,2025-08-24,1
New report: education officials reviewed updated public guidance,Education officials reviewed updated public guidance. The organization said the program would be implemented in phases. Officials encouraged the public to use information from reliable sources. The findings were presented during a public meeting.,technology,2025-01-25,1
VIRAL: an anonymous source claims a shocking scientific discovery,An anonymous source claims a shocking scientific discovery. The claim has not been independently verified. The report uses anonymous sources without identifying them. The article asks readers to share the information immediately.,government,2025-06-01,0
Delhi: government officials approved updated safety measures,Government officials approved updated safety measures. The study examined available evidence and identified several areas for further research. Officials encouraged the public to use information from reliable sources. The proposal will be considered by the relevant authorities.,technology,2025-04-28,1
Bengaluru authorities published updated safety measures,Company representatives published updated safety measures. The announcement included information about the project and its expected implementation. The study examined available evidence and identified several areas for further research. Researchers said additional studies are needed to understand the long-term effects.,transport,2025-11-19,1
URGENT: a secret cure reportedly discovered,An online claim secretly announces a secret cure. The source does not provide reliable documents or research. The report uses anonymous sources without identifying them. The story contains sensational statements without supporting evidence.,transport,2025-12-26,0
Bengaluru: government officials announced a research project,Government officials announced a research project. Officials said the measure would be reviewed periodically. Officials encouraged the public to use information from reliable sources. Officials said the measure would be reviewed periodically.,education,2025-04-20,1
SHOCKING: a revolutionary invention supposedly proves by an anonymous source,An anonymous source supposedly proves a revolutionary invention. The report uses anonymous sources without identifying them. The report provides no verifiable evidence for the claim. No independent organization has confirmed the claim.,technology,2025-03-01,0
New report: university researchers presented a new development program,University researchers presented a new development program. The proposal will be considered by the relevant authorities. The study examined available evidence and identified several areas for further research. The announcement included information about the project and its expected implementation.,education,2025-07-06,1
SHOCKING: a mysterious experiment secretly announces by an unverified report,An unverified report secretly announces a mysterious experiment. The story contains sensational statements without supporting evidence. The source does not provide reliable documents or research. The report provides no verifiable evidence for the claim.,science,2025-04-24,0
local authorities confirmed updated information on updated public guidance,Local authorities confirmed updated public guidance. The study examined available evidence and identified several areas for further research. Officials said the measure would be reviewed periodically. Officials said the measure would be reviewed periodically.,sports,2025-10-26,1
a viral video secretly announces a secret government plan,A viral video secretly announces a secret government plan. The information has circulated widely on social media. The article encourages readers to believe the information without providing reliable evidence. The article encourages readers to believe the information without providing reliable evidence.,government,2025-02-07,0
BREAKING: an online claim secretly announces a revolutionary invention,An online claim secretly announces a revolutionary invention. No independent organization has confirmed the claim. The story says officials are hiding the information from the public. The article asks readers to share the information immediately.,transport,2025-08-06,0
an unverified article apparently confirms a hidden international agreement,An unverified article apparently confirms a hidden international agreement. The story contains sensational statements without supporting evidence. The article asks readers to share the information immediately. The story says officials are hiding the information from the public.,space,2025-11-05,0
Pune authorities released updated public guidance,Scientists released updated public guidance. Researchers said additional studies are needed to understand the long-term effects. The proposal will be considered by the relevant authorities. Officials said the measure would be reviewed periodically.,transport,2025-01-05,1
Secret discovery: a hidden international agreement,An internet report is said to reveal a hidden international agreement. No independent organization has confirmed the claim. The article asks readers to share the information immediately. The report provides no verifiable evidence for the claim.,environment,2025-08-25,0
URGENT: a revolutionary invention reportedly discovered,A viral post supposedly proves a revolutionary invention. The claim has not been independently verified. The article encourages readers to believe the information without providing reliable evidence. The claim has not been independently verified.,business,2025-07-22,0
Secret discovery: a revolutionary invention,An unverified report claims a revolutionary invention. The story contains sensational statements without supporting evidence. No independent organization has confirmed the claim. The report provides no verifiable evidence for the claim.,technology,2025-08-10,0
URGENT: a secret government plan reportedly discovered,A mysterious source is said to reveal a secret government plan. The report provides no verifiable evidence for the claim. The article encourages readers to believe the information without providing reliable evidence. The claim has not been independently verified.,science,2025-06-18,0
BREAKING: an online claim alleges a secret government plan,An online claim alleges a secret government plan. The article asks readers to share the information immediately. The article asks readers to share the information immediately. The information has circulated widely on social media.,sports,2025-02-13,0
New report: industry analysts released updated public guidance,Industry analysts released updated public guidance. The study examined available evidence and identified several areas for further research. The study examined available evidence and identified several areas for further research. Researchers said additional studies are needed to understand the long-term effects.,business,2025-02-06,1
Secret discovery: a completely unknown city,A viral video apparently confirms a completely unknown city. The report uses anonymous sources without identifying them. The story contains sensational statements without supporting evidence. No independent organization has confirmed the claim.,government,2025-01-22,0
VIRAL: a mysterious source alleges an unbelievable breakthrough,A mysterious source alleges an unbelievable breakthrough. The report provides no verifiable evidence for the claim. The information has circulated widely on social media. The article asks readers to share the information immediately.,science,2025-05-09,0
URGENT: a miraculous discovery reportedly discovered,A mysterious source is said to reveal a miraculous discovery. The report uses anonymous sources without identifying them. The report uses anonymous sources without identifying them. No independent organization has confirmed the claim.,sports,2025-03-21,0
health officials presented updated information on a new development program,Health officials presented a new development program. The company said more details would be provided after the review. The report included data collected over several months. The report included data collected over several months.,business,2025-02-08,1
URGENT: a mysterious experiment reportedly discovered,An unverified article is said to reveal a mysterious experiment. The report provides no verifiable evidence for the claim. The story says officials are hiding the information from the public. The report uses anonymous sources without identifying them.,technology,2025-06-16,0
Hyderabad authorities introduced an annual report,Local authorities introduced an annual report. Officials said the measure would be reviewed periodically. The findings were presented during a public meeting. The announcement included information about the project and its expected implementation.,environment,2025-02-23,1
VIRAL: an unverified report secretly announces an unbelievable breakthrough,An unverified report secretly announces an unbelievable breakthrough. The article asks readers to share the information immediately. The claim has not been independently verified. The report provides no verifiable evidence for the claim.,transport,2025-12-07,0
New report: government officials presented the results of a study,Government officials presented the results of a study. The company said more details would be provided after the review. Officials said the measure would be reviewed periodically. Officials said the measure would be reviewed periodically.,health,2025-04-17,1
education officials reported updated information on an annual report,Education officials reported an annual report. The company said more details would be provided after the review. The findings were presented during a public meeting. Officials said the measure would be reviewed periodically.,science,2025-04-01,1
New report: education officials announced a new research report,Education officials announced a new research report. The proposal will be considered by the relevant authorities. Researchers said additional studies are needed to understand the long-term effects. The organization said the program would be implemented in phases.,science,2025-10-22,1
SHOCKING: a hidden international agreement is said to reveal by an internet report,An internet report is said to reveal a hidden international agreement. The story says officials are hiding the information from the public. No independent organization has confirmed the claim. The article asks readers to share the information immediately.,science,2025-08-01,0
Secret discovery: a miraculous discovery,A sensational website supposedly proves a miraculous discovery. The report provides no verifiable evidence for the claim. The story says officials are hiding the information from the public. The information has circulated widely on social media.,environment,2025-07-18,0
URGENT: a shocking scientific discovery reportedly discovered,An internet report apparently confirms a shocking scientific discovery. No independent organization has confirmed the claim. The report uses anonymous sources without identifying them. The article asks readers to share the information immediately.,science,2025-10-24,0
VIRAL: an internet report secretly announces a hidden technology,An internet report secretly announces a hidden technology. The story says officials are hiding the information from the public. The article asks readers to share the information immediately. The report provides no verifiable evidence for the claim.,environment,2025-08-23,0
New report: company representatives presented updated public guidance,Company representatives presented updated public guidance. The study examined available evidence and identified several areas for further research. The company said more details would be provided after the review. The announcement included information about the project and its expected implementation.,environment,2025-05-23,1
SHOCKING: a shocking scientific discovery is said to reveal by an online claim,An online claim is said to reveal a shocking scientific discovery. The information has circulated widely on social media. No independent organization has confirmed the claim. The information has circulated widely on social media.,space,2025-10-16,0
SHOCKING: a secret cure reportedly reveals by an unverified report,An unverified report reportedly reveals a secret cure. The report provides no verifiable evidence for the claim. The article encourages readers to believe the information without providing reliable evidence. The article asks readers to share the information immediately.,business,2025-02-04,0
Secret discovery: a hidden international agreement,An unverified report alleges a hidden international agreement. The article asks readers to share the information immediately. The article encourages readers to believe the information without providing reliable evidence. The article encourages readers to believe the information without providing reliable evidence.,health,2025-03-22,0
Kolkata: company representatives introduced a research project,Company representatives introduced a research project. The announcement included information about the project and its expected implementation. The company said more details would be provided after the review. The company said more details would be provided after the review.,science,2025-09-10,1
Mumbai authorities approved updated safety measures,Researchers approved updated safety measures. The report included data collected over several months. Officials said the measure would be reviewed periodically. The organization said the program would be implemented in phases.,science,2025-12-12,1
New report: university researchers introduced the results of a study,University researchers introduced the results of a study. Researchers said additional studies are needed to understand the long-term effects. Officials encouraged the public to use information from reliable sources. The company said more details would be provided after the review.,transport,2025-04-24,1
India: scientists introduced updated public guidance,Scientists introduced updated public guidance. The company said more details would be provided after the review. The report included data collected over several months. Researchers said additional studies are needed to understand the long-term effects.,technology,2025-09-09,1
URGENT: a miraculous discovery reportedly discovered,An online claim supposedly proves a miraculous discovery. The report uses anonymous sources without identifying them. The article asks readers to share the information immediately. The source does not provide reliable documents or research.,science,2025-05-22,0
an online claim is said to reveal an unbelievable breakthrough,An online claim is said to reveal an unbelievable breakthrough. The report uses anonymous sources without identifying them. The article encourages readers to believe the information without providing reliable evidence. The source does not provide reliable documents or research.,transport,2025-03-25,0
Secret discovery: a hidden international agreement,A sensational website reportedly reveals a hidden international agreement. The claim has not been independently verified. The information has circulated widely on social media. The story says officials are hiding the information from the public.,sports,2025-06-22,0
Hyderabad authorities reviewed updated safety measures,Local authorities reviewed updated safety measures. Researchers said additional studies are needed to understand the long-term effects. The findings were presented during a public meeting. Researchers said additional studies are needed to understand the long-term effects.,sports,2025-09-11,1
the country: researchers published a new policy proposal,Researchers published a new policy proposal. Officials said the measure would be reviewed periodically. The company said more details would be provided after the review. The findings were presented during a public meeting.,health,2025-06-13,1
New report: transport authorities approved a new policy proposal,Transport authorities approved a new policy proposal. The proposal will be considered by the relevant authorities. The proposal will be considered by the relevant authorities. The findings were presented during a public meeting.,space,2025-09-24,1
scientists published updated information on a new development program,Scientists published a new development program. Officials said the measure would be reviewed periodically. The findings were presented during a public meeting. The report included data collected over several months.,sports,2025-10-03,1
local authorities released updated information on updated safety measures,Local authorities released updated safety measures. The proposal will be considered by the relevant authorities. The findings were presented during a public meeting. Officials encouraged the public to use information from reliable sources.,technology,2025-08-08,1
government officials examined a public transport plan,Government officials examined a public transport plan. Officials said the measure would be reviewed periodically. The announcement included information about the project and its expected implementation. The organization said the program would be implemented in phases.,technology,2025-06-20,1
researchers reported the results of a study,Researchers reported the results of a study. The announcement included information about the project and its expected implementation. The proposal will be considered by the relevant authorities. The study examined available evidence and identified several areas for further research.,health,2025-11-26,1
the country: education officials announced the results of a study,Education officials announced the results of a study. The announcement included information about the project and its expected implementation. The findings were presented during a public meeting. Officials said the measure would be reviewed periodically.,education,2025-07-26,1
URGENT: a shocking scientific discovery reportedly discovered,An internet report claims a shocking scientific discovery. The article asks readers to share the information immediately. The source does not provide reliable documents or research. The report provides no verifiable evidence for the claim.,government,2025-05-19,0
Chennai: scientists introduced updated public guidance,Scientists introduced updated public guidance. The proposal will be considered by the relevant authorities. The proposal will be considered by the relevant authorities. The report included data collected over several months.,transport,2025-08-28,1
Hyderabad authorities presented an annual report,Researchers presented an annual report. The organization said the program would be implemented in phases. The study examined available evidence and identified several areas for further research. The report included data collected over several months.,space,2025-07-10,1
university researchers presented updated safety measures,University researchers presented updated safety measures. Officials encouraged the public to use information from reliable sources. The findings were presented during a public meeting. The study examined available evidence and identified several areas for further research.,science,2025-11-22,1
a viral video mysteriously claims a mysterious experiment,A viral video mysteriously claims a mysterious experiment. No independent organization has confirmed the claim. No independent organization has confirmed the claim. The article encourages readers to believe the information without providing reliable evidence.,environment,2025-04-28,0
Secret discovery: a hidden technology,A sensational website is said to reveal a hidden technology. The article encourages readers to believe the information without providing reliable evidence. The report provides no verifiable evidence for the claim. The article encourages readers to believe the information without providing reliable evidence.,environment,2025-06-26,0
URGENT: a miraculous discovery reportedly discovered,A social media message secretly announces a miraculous discovery. The story says officials are hiding the information from the public. The story says officials are hiding the information from the public. The report uses anonymous sources without identifying them.,health,2025-12-10,0
New report: government officials reported a new research report,Government officials reported a new research report. The study examined available evidence and identified several areas for further research. Officials said the measure would be reviewed periodically. The report included data collected over several months.,education,2025-11-21,1
Bengaluru authorities approved an annual report,Researchers approved an annual report. The findings were presented during a public meeting. The proposal will be considered by the relevant authorities. The organization said the program would be implemented in phases.,business,2025-02-01,1
Secret discovery: a revolutionary invention,A viral post apparently confirms a revolutionary invention. The article encourages readers to believe the information without providing reliable evidence. The article encourages readers to believe the information without providing reliable evidence. No independent organization has confirmed the claim.,government,2025-10-16,0
New report: government officials presented a research project,Government officials presented a research project. The study examined available evidence and identified several areas for further research. The study examined available evidence and identified several areas for further research. The findings were presented during a public meeting.,sports,2025-07-11,1
health officials examined updated safety measures,Health officials examined updated safety measures. The findings were presented during a public meeting. Officials said the measure would be reviewed periodically. Officials said the measure would be reviewed periodically.,space,2025-06-14,1
health officials introduced updated public guidance,Health officials introduced updated public guidance. The report included data collected over several months. The proposal will be considered by the relevant authorities. Officials said the measure would be reviewed periodically.,science,2025-04-06,1
SHOCKING: a hidden technology supposedly proves by an unverified article,An unverified article supposedly proves a hidden technology. The story contains sensational statements without supporting evidence. The report uses anonymous sources without identifying them. No independent organization has confirmed the claim.,science,2025-03-05,0
BREAKING: an internet report mysteriously claims a hidden technology,An internet report mysteriously claims a hidden technology. The source does not provide reliable documents or research. The story contains sensational statements without supporting evidence. The report provides no verifiable evidence for the claim.,business,2025-04-22,0
Secret discovery: a mysterious experiment,A viral post secretly announces a mysterious experiment. The story says officials are hiding the information from the public. The claim has not been independently verified. No independent organization has confirmed the claim.,transport,2025-07-22,0
health officials released updated information on a research project,Health officials released a research project. The organization said the program would be implemented in phases. Officials said the measure would be reviewed periodically. Officials said the measure would be reviewed periodically.,science,2025-03-11,1
Bengaluru: scientists introduced a new development program,Scientists introduced a new development program. The study examined available evidence and identified several areas for further research. The study examined available evidence and identified several areas for further research. Researchers said additional studies are needed to understand the long-term effects.,sports,2025-05-05,1
BREAKING: an unverified article apparently confirms a mysterious experiment,An unverified article apparently confirms a mysterious experiment. The source does not provide reliable documents or research. No independent organization has confirmed the claim. The story contains sensational statements without supporting evidence.,space,2025-02-04,0
Secret discovery: an unbelievable breakthrough,A viral post supposedly proves an unbelievable breakthrough. The information has circulated widely on social media. The information has circulated widely on social media. No independent organization has confirmed the claim.,technology,2025-10-23,0
Delhi: industry analysts examined a new development program,Industry analysts examined a new development program. The announcement included information about the project and its expected implementation. The announcement included information about the project and its expected implementation. Researchers said additional studies are needed to understand the long-term effects.,education,2025-10-14,1
education officials reported an annual report,Education officials reported an annual report. Officials said the measure would be reviewed periodically. Officials encouraged the public to use information from reliable sources. The proposal will be considered by the relevant authorities.,government,2025-01-24,1
health officials announced updated information on a new policy proposal,Health officials announced a new policy proposal. The report included data collected over several months. The proposal will be considered by the relevant authorities. The organization said the program would be implemented in phases.,health,2025-05-17,1
VIRAL: a mysterious source secretly announces a hidden international agreement,A mysterious source secretly announces a hidden international agreement. The source does not provide reliable documents or research. The source does not provide reliable documents or research. The claim has not been independently verified.,education,2025-07-07,0
company representatives reported updated information on an annual report,Company representatives reported an annual report. The organization said the program would be implemented in phases. The announcement included information about the project and its expected implementation. Researchers said additional studies are needed to understand the long-term effects.,transport,2025-01-04,1
VIRAL: an unverified article secretly announces an unbelievable breakthrough,An unverified article secretly announces an unbelievable breakthrough. No independent organization has confirmed the claim. The information has circulated widely on social media. The claim has not been independently verified.,education,2025-06-15,0
URGENT: a hidden international agreement reportedly discovered,A social media message is said to reveal a hidden international agreement. The claim has not been independently verified. The story contains sensational statements without supporting evidence. The report provides no verifiable evidence for the claim.,technology,2025-05-06,0
local authorities published a research project,Local authorities published a research project. The study examined available evidence and identified several areas for further research. The study examined available evidence and identified several areas for further research. The announcement included information about the project and its expected implementation.,education,2025-07-27,1
VIRAL: a mysterious source reportedly reveals a miraculous discovery,A mysterious source reportedly reveals a miraculous discovery. The story contains sensational statements without supporting evidence. The story says officials are hiding the information from the public. The claim has not been independently verified.,space,2025-09-26,0
SHOCKING: a miraculous discovery mysteriously claims by an online claim,An online claim mysteriously claims a miraculous discovery. The article asks readers to share the information immediately. The claim has not been independently verified. The information has circulated widely on social media.,space,2025-06-22,0
Mumbai: local authorities released a research project,Local authorities released a research project. The findings were presented during a public meeting. The announcement included information about the project and its expected implementation. Officials said the measure would be reviewed periodically.,education,2025-03-26,1
URGENT: a secret cure reportedly discovered,An unverified report is said to reveal a secret cure. The article asks readers to share the information immediately. The report provides no verifiable evidence for the claim. The story contains sensational statements without supporting evidence.,science,2025-04-23,0
company representatives released updated information on updated safety measures,Company representatives released updated safety measures. The announcement included information about the project and its expected implementation. The proposal will be considered by the relevant authorities. Officials said the measure would be reviewed periodically.,transport,2025-11-03,1
Kolkata authorities reviewed a new policy proposal,Health officials reviewed a new policy proposal. The findings were presented during a public meeting. The findings were presented during a public meeting. The study examined available evidence and identified several areas for further research.,sports,2025-11-23,1
transport authorities released updated information on updated public guidance,Transport authorities released updated public guidance. The announcement included information about the project and its expected implementation. The organization said the program would be implemented in phases. The findings were presented during a public meeting.,government,2025-03-28,1
SHOCKING: an unbelievable breakthrough reportedly reveals by an online claim,An online claim reportedly reveals an unbelievable breakthrough. The article encourages readers to believe the information without providing reliable evidence. No independent organization has confirmed the claim. The story says officials are hiding the information from the public.,education,2025-04-18,0
a viral post is said to reveal a secret cure,A viral post is said to reveal a secret cure. The source does not provide reliable documents or research. No independent organization has confirmed the claim. The claim has not been independently verified.,education,2025-01-21,0
local authorities announced updated information on an annual report,Local authorities announced an annual report. The report included data collected over several months. Officials said the measure would be reviewed periodically. The organization said the program would be implemented in phases.,sports,2025-08-13,1
Chennai authorities introduced updated public guidance,Education officials introduced updated public guidance. Officials encouraged the public to use information from reliable sources. Officials said the measure would be reviewed periodically. The findings were presented during a public meeting.,transport,2025-10-08,1
New report: company representatives confirmed a new development program,Company representatives confirmed a new development program. Researchers said additional studies are needed to understand the long-term effects. The proposal will be considered by the relevant authorities. Officials encouraged the public to use information from reliable sources.,science,2025-05-10,1
BREAKING: an unverified report alleges a hidden international agreement,An unverified report alleges a hidden international agreement. The story contains sensational statements without supporting evidence. The story contains sensational statements without supporting evidence. The article asks readers to share the information immediately.,environment,2025-10-14,0
SHOCKING: a revolutionary invention claims by an online claim,An online claim claims a revolutionary invention. The report provides no verifiable evidence for the claim. No independent organization has confirmed the claim. The report provides no verifiable evidence for the claim.,business,2025-05-17,0
SHOCKING: a revolutionary invention apparently confirms by a viral video,A viral video apparently confirms a revolutionary invention. The article encourages readers to believe the information without providing reliable evidence. The information has circulated widely on social media. The report uses anonymous sources without identifying them.,technology,2025-08-12,0
VIRAL: a viral video apparently confirms a hidden technology,A viral video apparently confirms a hidden technology. The report provides no verifiable evidence for the claim. The claim has not been independently verified. The report provides no verifiable evidence for the claim.,technology,2025-11-02,0
SHOCKING: a miraculous discovery is said to reveal by a viral post,A viral post is said to reveal a miraculous discovery. The report provides no verifiable evidence for the claim. The source does not provide reliable documents or research. The information has circulated widely on social media.,technology,2025-09-16,0
company representatives published updated information on a new research report,Company representatives published a new research report. The company said more details would be provided after the review. The organization said the program would be implemented in phases. The company said more details would be provided after the review.,transport,2025-06-26,1
Secret discovery: an unbelievable breakthrough,A sensational website mysteriously claims an unbelievable breakthrough. The report provides no verifiable evidence for the claim. The report uses anonymous sources without identifying them. The claim has not been independently verified.,education,2025-11-10,0
VIRAL: an anonymous source secretly announces an unbelievable breakthrough,An anonymous source secretly announces an unbelievable breakthrough. The report provides no verifiable evidence for the claim. The source does not provide reliable documents or research. The article encourages readers to believe the information without providing reliable evidence.,government,2025-03-16,0
URGENT: a miraculous discovery reportedly discovered,An anonymous source reportedly reveals a miraculous discovery. The story contains sensational statements without supporting evidence. The story contains sensational statements without supporting evidence. The claim has not been independently verified.,business,2025-03-07,0
New Delhi authorities published an annual report,Health officials published an annual report. Officials said the measure would be reviewed periodically. Officials encouraged the public to use information from reliable sources. The proposal will be considered by the relevant authorities.,technology,2025-06-21,1
New Delhi: industry analysts presented updated public guidance,Industry analysts presented updated public guidance. Researchers said additional studies are needed to understand the long-term effects. The report included data collected over several months. The report included data collected over several months.,space,2025-07-23,1
government officials reported updated information on a technology update,Government officials reported a technology update. The company said more details would be provided after the review. The report included data collected over several months. Officials encouraged the public to use information from reliable sources.,business,2025-10-16,1
education officials published updated information on a new research report,Education officials published a new research report. The study examined available evidence and identified several areas for further research. The proposal will be considered by the relevant authorities. The company said more details would be provided after the review.,transport,2025-05-20,1
local authorities confirmed updated safety measures,Local authorities confirmed updated safety measures. Officials encouraged the public to use information from reliable sources. The report included data collected over several months. The findings were presented during a public meeting.,transport,2025-03-08,1
Delhi: scientists examined updated safety measures,Scientists examined updated safety measures. The proposal will be considered by the relevant authorities. The company said more details would be provided after the review. Officials said the measure would be reviewed periodically.,technology,2025-03-17,1
researchers confirmed updated information on a new development program,Researchers confirmed a new development program. The proposal will be considered by the relevant authorities. The organization said the program would be implemented in phases. The company said more details would be provided after the review.,health,2025-02-11,1
New report: researchers presented a public transport plan,Researchers presented a public transport plan. The announcement included information about the project and its expected implementation. The company said more details would be provided after the review. The announcement included information about the project and its expected implementation.,science,2025-12-27,1
URGENT: a completely unknown city reportedly discovered,A sensational website mysteriously claims a completely unknown city. The article encourages readers to believe the information without providing reliable evidence. The source does not provide reliable documents or research. The report provides no verifiable evidence for the claim.,health,2025-12-14,0
SHOCKING: a shocking scientific discovery claims by an anonymous source,An anonymous source claims a shocking scientific discovery. The article asks readers to share the information immediately. The story contains sensational statements without supporting evidence. The source does not provide reliable documents or research.,science,2025-11-03,0
Secret discovery: a hidden technology,An internet report alleges a hidden technology. The report uses anonymous sources without identifying them. The report uses anonymous sources without identifying them. The article encourages readers to believe the information without providing reliable evidence.,sports,2025-08-22,0
Secret discovery: a miraculous discovery,A mysterious source mysteriously claims a miraculous discovery. The claim has not been independently verified. The article asks readers to share the information immediately. The story contains sensational statements without supporting evidence.,technology,2025-03-18,0
SHOCKING: a revolutionary invention claims by an anonymous source,An anonymous source claims a revolutionary invention. No independent organization has confirmed the claim. The article asks readers to share the information immediately. The story says officials are hiding the information from the public.,space,2025-02-19,0
VIRAL: a mysterious source claims a hidden international agreement,A mysterious source claims a hidden international agreement. The claim has not been independently verified. The article encourages readers to believe the information without providing reliable evidence. The article encourages readers to believe the information without providing reliable evidence.,health,2025-02-25,0
researchers published updated information on a new research report,Researchers published a new research report. The announcement included information about the project and its expected implementation. The report included data collected over several months. Officials said the measure would be reviewed periodically.,government,2025-11-17,1
New report: industry analysts reported a research project,Industry analysts reported a research project. Officials said the measure would be reviewed periodically. The study examined available evidence and identified several areas for further research. The announcement included information about the project and its expected implementation.,health,2025-11-18,1
university researchers presented updated information on a new research report,University researchers presented a new research report. The company said more details would be provided after the review. Officials encouraged the public to use information from reliable sources. Researchers said additional studies are needed to understand the long-term effects.,health,2025-02-01,1
industry analysts confirmed updated information on a new research report,Industry analysts confirmed a new research report. The study examined available evidence and identified several areas for further research. The proposal will be considered by the relevant authorities. The company said more details would be provided after the review.,sports,2025-02-11,1
an internet report mysteriously claims an unbelievable breakthrough,An internet report mysteriously claims an unbelievable breakthrough. The source does not provide reliable documents or research. The claim has not been independently verified. The information has circulated widely on social media.,sports,2025-06-20,0
university researchers examined a public transport plan,University researchers examined a public transport plan. The organization said the program would be implemented in phases. The study examined available evidence and identified several areas for further research. The proposal will be considered by the relevant authorities.,technology,2025-08-10,1
SHOCKING: an unbelievable breakthrough supposedly proves by an anonymous source,An anonymous source supposedly proves an unbelievable breakthrough. The information has circulated widely on social media. The claim has not been independently verified. The article encourages readers to believe the information without providing reliable evidence.,sports,2025-11-21,0
URGENT: an unbelievable breakthrough reportedly discovered,An online claim is said to reveal an unbelievable breakthrough. The article encourages readers to believe the information without providing reliable evidence. The information has circulated widely on social media. The article encourages readers to believe the information without providing reliable evidence.,technology,2025-06-12,0
SHOCKING: a hidden international agreement secretly announces by an anonymous source,An anonymous source secretly announces a hidden international agreement. The information has circulated widely on social media. The report uses anonymous sources without identifying them. The story contains sensational statements without supporting evidence.,space,2025-07-19,0
health officials examined an annual report,Health officials examined an annual report. The findings were presented during a public meeting. Researchers said additional studies are needed to understand the long-term effects. The report included data collected over several months.,science,2025-12-24,1
Kolkata: researchers confirmed a new policy proposal,Researchers confirmed a new policy proposal. The findings were presented during a public meeting. Researchers said additional studies are needed to understand the long-term effects. The findings were presented during a public meeting.,transport,2025-02-11,1
the country authorities published an annual report,Education officials published an annual report. The study examined available evidence and identified several areas for further research. Researchers said additional studies are needed to understand the long-term effects. Officials encouraged the public to use information from reliable sources.,science,2025-11-24,1
Chennai: health officials reviewed a new development program,Health officials reviewed a new development program. Officials said the measure would be reviewed periodically. Researchers said additional studies are needed to understand the long-term effects. The company said more details would be provided after the review.,science,2025-12-05,1
Pune: industry analysts presented a public transport plan,Industry analysts presented a public transport plan. Researchers said additional studies are needed to understand the long-term effects. The study examined available evidence and identified several areas for further research. The findings were presented during a public meeting.,science,2025-03-16,1
SHOCKING: a miraculous discovery alleges by a sensational website,A sensational website alleges a miraculous discovery. The story says officials are hiding the information from the public. The article encourages readers to believe the information without providing reliable evidence. The information has circulated widely on social media.,business,2025-07-11,0
an unverified article secretly announces a miraculous discovery,An unverified article secretly announces a miraculous discovery. No independent organization has confirmed the claim. The story says officials are hiding the information from the public. No independent organization has confirmed the claim.,environment,2025-04-13,0
VIRAL: a sensational website reportedly reveals a shocking scientific discovery,A sensational website reportedly reveals a shocking scientific discovery. The source does not provide reliable documents or research. The article asks readers to share the information immediately. The source does not provide reliable documents or research.,business,2025-01-18,0
VIRAL: an unverified report claims a hidden international agreement,An unverified report claims a hidden international agreement. The story says officials are hiding the information from the public. The story says officials are hiding the information from the public. The report uses anonymous sources without identifying them.,health,2025-10-18,0
Delhi authorities reported an annual report,Scientists reported an annual report. The announcement included information about the project and its expected implementation. The study examined available evidence and identified several areas for further research. The announcement included information about the project and its expected implementation.,technology,2025-11-23,1
SHOCKING: a hidden international agreement claims by an internet report,An internet report claims a hidden international agreement. The information has circulated widely on social media. The report uses anonymous sources without identifying them. The report uses anonymous sources without identifying them.,science,2025-05-11,0
health officials reviewed updated information on a technology update,Health officials reviewed a technology update. The findings were presented during a public meeting. The report included data collected over several months. The findings were presented during a public meeting.,transport,2025-12-16,1
VIRAL: a viral video alleges a shocking scientific discovery,A viral video alleges a shocking scientific discovery. No independent organization has confirmed the claim. The source does not provide reliable documents or research. The report provides no verifiable evidence for the claim.,environment,2025-01-17,0
local authorities introduced updated information on the results of a study,Local authorities introduced the results of a study. The organization said the program would be implemented in phases. The company said more details would be provided after the review. Officials encouraged the public to use information from reliable sources.,transport,2025-11-25,1
Kolkata authorities introduced updated public guidance,Government officials introduced updated public guidance. The company said more details would be provided after the review. Officials said the measure would be reviewed periodically. Officials encouraged the public to use information from reliable sources.,transport,2025-03-09,1
Hyderabad: researchers examined a new research report,Researchers examined a new research report. The announcement included information about the project and its expected implementation. The report included data collected over several months. The report included data collected over several months.,transport,2025-10-07,1
New Delhi authorities published a new development program,Transport authorities published a new development program. Researchers said additional studies are needed to understand the long-term effects. The announcement included information about the project and its expected implementation. The company said more details would be provided after the review.,transport,2025-01-06,1
Mumbai: transport authorities reviewed updated public guidance,Transport authorities reviewed updated public guidance. The announcement included information about the project and its expected implementation. Officials encouraged the public to use information from reliable sources. The report included data collected over several months.,education,2025-01-21,1
scientists published updated information on updated public guidance,Scientists published updated public guidance. The organization said the program would be implemented in phases. Researchers said additional studies are needed to understand the long-term effects. Officials said the measure would be reviewed periodically.,business,2025-03-06,1
VIRAL: an anonymous source is said to reveal a secret government plan,An anonymous source is said to reveal a secret government plan. The story contains sensational statements without supporting evidence. The report provides no verifiable evidence for the claim. The story says officials are hiding the information from the public.,environment,2025-06-15,0
New Delhi: health officials reported a new policy proposal,Health officials reported a new policy proposal. Researchers said additional studies are needed to understand the long-term effects. The findings were presented during a public meeting. The study examined available evidence and identified several areas for further research.,health,2025-01-22,1
an anonymous source supposedly proves a completely unknown city,An anonymous source supposedly proves a completely unknown city. The story contains sensational statements without supporting evidence. The story contains sensational statements without supporting evidence. The claim has not been independently verified.,technology,2025-03-05,0
India: scientists introduced an annual report,Scientists introduced an annual report. The findings were presented during a public meeting. The organization said the program would be implemented in phases. The study examined available evidence and identified several areas for further research.,health,2025-10-06,1
URGENT: a mysterious experiment reportedly discovered,An unverified article reportedly reveals a mysterious experiment. No independent organization has confirmed the claim. The information has circulated widely on social media. The story contains sensational statements without supporting evidence.,business,2025-07-09,0
New report: company representatives introduced a research project,Company representatives introduced a research project. The proposal will be considered by the relevant authorities. Officials said the measure would be reviewed periodically. The proposal will be considered by the relevant authorities.,business,2025-06-14,1
an internet report alleges a secret government plan,An internet report alleges a secret government plan. The report uses anonymous sources without identifying them. The report provides no verifiable evidence for the claim. The article encourages readers to believe the information without providing reliable evidence.,business,2025-12-05,0
India: transport authorities presented updated public guidance,Transport authorities presented updated public guidance. The report included data collected over several months. The company said more details would be provided after the review. The company said more details would be provided after the review.,science,2025-08-17,1
Secret discovery: a mysterious experiment,An unverified article supposedly proves a mysterious experiment. The report uses anonymous sources without identifying them. The report uses anonymous sources without identifying them. The article asks readers to share the information immediately.,business,2025-03-05,0
an online claim secretly announces a shocking scientific discovery,An online claim secretly announces a shocking scientific discovery. The report uses anonymous sources without identifying them. The story says officials are hiding the information from the public. The report provides no verifiable evidence for the claim.,health,2025-08-14,0
scientists approved updated information on a technology update,Scientists approved a technology update. Officials encouraged the public to use information from reliable sources. The company said more details would be provided after the review. The study examined available evidence and identified several areas for further research.,technology,2025-06-05,1
New report: industry analysts presented a new research report,Industry analysts presented a new research report. The report included data collected over several months. Researchers said additional studies are needed to understand the long-term effects. The study examined available evidence and identified several areas for further research.,government,2025-02-18,1
VIRAL: an unverified article secretly announces a mysterious experiment,An unverified article secretly announces a mysterious experiment. The source does not provide reliable documents or research. The report uses anonymous sources without identifying them. No independent organization has confirmed the claim.,space,2025-04-10,0
an unverified article claims a secret government plan,An unverified article claims a secret government plan. The article asks readers to share the information immediately. The claim has not been independently verified. The story says officials are hiding the information from the public.,health,2025-08-08,0
BREAKING: an internet report secretly announces a completely unknown city,An internet report secretly announces a completely unknown city. The article encourages readers to believe the information without providing reliable evidence. The story contains sensational statements without supporting evidence. The claim has not been independently verified.,education,2025-10-18,0
URGENT: a miraculous discovery reportedly discovered,A viral post supposedly proves a miraculous discovery. The article encourages readers to believe the information without providing reliable evidence. The article asks readers to share the information immediately. The article encourages readers to believe the information without providing reliable evidence.,technology,2025-02-04,0
Secret discovery: a mysterious experiment,An unverified report mysteriously claims a mysterious experiment. No independent organization has confirmed the claim. The article encourages readers to believe the information without providing reliable evidence. No independent organization has confirmed the claim.,space,2025-06-22,0
India: education officials introduced a new development program,Education officials introduced a new development program. The study examined available evidence and identified several areas for further research. The findings were presented during a public meeting. Officials encouraged the public to use information from reliable sources.,science,2025-01-19,1
VIRAL: a sensational website secretly announces a completely unknown city,A sensational website secretly announces a completely unknown city. The claim has not been independently verified. The source does not provide reliable documents or research. The claim has not been independently verified.,transport,2025-10-24,0
BREAKING: an unverified report secretly announces a completely unknown city,An unverified report secretly announces a completely unknown city. The source does not provide reliable documents or research. The information has circulated widely on social media. The story contains sensational statements without supporting evidence.,sports,2025-02-04,0
URGENT: an unbelievable breakthrough reportedly discovered,A mysterious source apparently confirms an unbelievable breakthrough. The article encourages readers to believe the information without providing reliable evidence. The article asks readers to share the information immediately. The report uses anonymous sources without identifying them.,space,2025-07-18,0
transport authorities published a new development program,Transport authorities published a new development program. The findings were presented during a public meeting. Officials said the measure would be reviewed periodically. The report included data collected over several months.,technology,2025-06-06,1
New report: government officials released a new research report,Government officials released a new research report. The report included data collected over several months. Officials said the measure would be reviewed periodically. The company said more details would be provided after the review.,education,2025-12-08,1
New report: education officials approved updated public guidance,Education officials approved updated public guidance. Officials encouraged the public to use information from reliable sources. Researchers said additional studies are needed to understand the long-term effects. The report included data collected over several months.,technology,2025-04-07,1
Secret discovery: a shocking scientific discovery,An online claim supposedly proves a shocking scientific discovery. The claim has not been independently verified. The report uses anonymous sources without identifying them. The article asks readers to share the information immediately.,science,2025-05-07,0
VIRAL: an unverified article apparently confirms an unbelievable breakthrough,An unverified article apparently confirms an unbelievable breakthrough. The story says officials are hiding the information from the public. The article asks readers to share the information immediately. No independent organization has confirmed the claim.,space,2025-08-18,0
health officials reported updated information on updated safety measures,Health officials reported updated safety measures. Officials encouraged the public to use information from reliable sources. The findings were presented during a public meeting. The announcement included information about the project and its expected implementation.,transport,2025-05-12,1
Kolkata: scientists published a public transport plan,Scientists published a public transport plan. The study examined available evidence and identified several areas for further research. The findings were presented during a public meeting. The company said more details would be provided after the review.,sports,2025-09-02,1
Chennai: company representatives introduced a technology update,Company representatives introduced a technology update. Researchers said additional studies are needed to understand the long-term effects. The findings were presented during a public meeting. The announcement included information about the project and its expected implementation.,technology,2025-04-19,1
URGENT: a hidden technology reportedly discovered,An unverified article supposedly proves a hidden technology. The article asks readers to share the information immediately. The article asks readers to share the information immediately. The story says officials are hiding the information from the public.,space,2025-10-01,0
URGENT: a hidden technology reportedly discovered,An anonymous source secretly announces a hidden technology. The story says officials are hiding the information from the public. The story says officials are hiding the information from the public. The story says officials are hiding the information from the public.,transport,2025-09-02,0
New report: company representatives reviewed a research project,Company representatives reviewed a research project. Researchers said additional studies are needed to understand the long-term effects. The company said more details would be provided after the review. The proposal will be considered by the relevant authorities.,science,2025-09-13,1
Secret discovery: an unbelievable breakthrough,An unverified article mysteriously claims an unbelievable breakthrough. The source does not provide reliable documents or research. The story contains sensational statements without supporting evidence. The source does not provide reliable documents or research.,education,2025-02-09,0
URGENT: a hidden technology reportedly discovered,A sensational website supposedly proves a hidden technology. The report provides no verifiable evidence for the claim. The claim has not been independently verified. The information has circulated widely on social media.,environment,2025-09-17,0
Secret discovery: a completely unknown city,An anonymous source apparently confirms a completely unknown city. The article encourages readers to believe the information without providing reliable evidence. No independent organization has confirmed the claim. The information has circulated widely on social media.,science,2025-09-11,0
BREAKING: a viral video is said to reveal a secret government plan,A viral video is said to reveal a secret government plan. The story contains sensational statements without supporting evidence. The story contains sensational statements without supporting evidence. The information has circulated widely on social media.,sports,2025-10-01,0
URGENT: a mysterious experiment reportedly discovered,A sensational website claims a mysterious experiment. The claim has not been independently verified. The story says officials are hiding the information from the public. The report provides no verifiable evidence for the claim.,education,2025-01-22,0
industry analysts reviewed updated information on a research project,Industry analysts reviewed a research project. Researchers said additional studies are needed to understand the long-term effects. The findings were presented during a public meeting. The proposal will be considered by the relevant authorities.,environment,2025-01-20,1
Secret discovery: a secret government plan,A viral video claims a secret government plan. The article asks readers to share the information immediately. The claim has not been independently verified. The report uses anonymous sources without identifying them.,transport,2025-03-03,0
Kolkata: scientists released updated public guidance,Scientists released updated public guidance. The findings were presented during a public meeting. Researchers said additional studies are needed to understand the long-term effects. The proposal will be considered by the relevant authorities.,business,2025-05-27,1
an online claim is said to reveal a miraculous discovery,An online claim is said to reveal a miraculous discovery. The report provides no verifiable evidence for the claim. The story says officials are hiding the information from the public. The report provides no verifiable evidence for the claim.,business,2025-11-04,0
SHOCKING: a hidden international agreement alleges by a viral post,A viral post alleges a hidden international agreement. The information has circulated widely on social media. The information has circulated widely on social media. The report uses anonymous sources without identifying them.,business,2025-03-12,0
an internet report alleges a mysterious experiment,An internet report alleges a mysterious experiment. The article asks readers to share the information immediately. The story contains sensational statements without supporting evidence. The report provides no verifiable evidence for the claim.,government,2025-08-09,0
Kolkata: scientists presented a new policy proposal,Scientists presented a new policy proposal. The proposal will be considered by the relevant authorities. The announcement included information about the project and its expected implementation. The announcement included information about the project and its expected implementation.,education,2025-02-23,1
transport authorities presented updated information on a research project,Transport authorities presented a research project. Researchers said additional studies are needed to understand the long-term effects. The findings were presented during a public meeting. Officials encouraged the public to use information from reliable sources.,transport,2025-09-10,1
Secret discovery: a completely unknown city,An unverified article apparently confirms a completely unknown city. The claim has not been independently verified. No independent organization has confirmed the claim. The article asks readers to share the information immediately.,government,2025-07-01,0
Secret discovery: a secret government plan,An online claim alleges a secret government plan. The article encourages readers to believe the information without providing reliable evidence. No independent organization has confirmed the claim. The article asks readers to share the information immediately.,education,2025-09-01,0
university researchers announced updated information on updated safety measures,University researchers announced updated safety measures. Officials encouraged the public to use information from reliable sources. The organization said the program would be implemented in phases. The company said more details would be provided after the review.,space,2025-05-23,1
local authorities announced updated safety measures,Local authorities announced updated safety measures. Officials said the measure would be reviewed periodically. The report included data collected over several months. Officials encouraged the public to use information from reliable sources.,health,2025-12-09,1
transport authorities released the results of a study,Transport authorities released the results of a study. The announcement included information about the project and its expected implementation. The findings were presented during a public meeting. The organization said the program would be implemented in phases.,business,2025-11-06,1
a viral post supposedly proves a completely unknown city,A viral post supposedly proves a completely unknown city. The story says officials are hiding the information from the public. The information has circulated widely on social media. The story contains sensational statements without supporting evidence.,technology,2025-09-06,0
New report: health officials published a research project,Health officials published a research project. Researchers said additional studies are needed to understand the long-term effects. The company said more details would be provided after the review. Officials encouraged the public to use information from reliable sources.,government,2025-12-01,1
industry analysts examined updated information on the results of a study,Industry analysts examined the results of a study. Officials encouraged the public to use information from reliable sources. Officials said the measure would be reviewed periodically. The company said more details would be provided after the review.,business,2025-03-08,1
New Delhi: education officials presented updated safety measures,Education officials presented updated safety measures. The organization said the program would be implemented in phases. The study examined available evidence and identified several areas for further research. The report included data collected over several months.,health,2025-04-12,1
company representatives reported updated information on a new research report,Company representatives reported a new research report. The study examined available evidence and identified several areas for further research. The study examined available evidence and identified several areas for further research. The organization said the program would be implemented in phases.,sports,2025-11-01,1
URGENT: an unbelievable breakthrough reportedly discovered,An internet report apparently confirms an unbelievable breakthrough. The story contains sensational statements without supporting evidence. The report uses anonymous sources without identifying them. No independent organization has confirmed the claim.,environment,2025-07-25,0
New report: education officials presented an annual report,Education officials presented an annual report. The company said more details would be provided after the review. Officials said the measure would be reviewed periodically. Officials said the measure would be reviewed periodically.,technology,2025-02-21,1
Mumbai: local authorities examined a research project,Local authorities examined a research project. Researchers said additional studies are needed to understand the long-term effects. The proposal will be considered by the relevant authorities. The organization said the program would be implemented in phases.,space,2025-08-02,1
an internet report claims a completely unknown city,An internet report claims a completely unknown city. The report uses anonymous sources without identifying them. The story says officials are hiding the information from the public. The report uses anonymous sources without identifying them.,business,2025-05-12,0
VIRAL: a viral video is said to reveal a hidden technology,A viral video is said to reveal a hidden technology. The article encourages readers to believe the information without providing reliable evidence. The article asks readers to share the information immediately. The article asks readers to share the information immediately.,environment,2025-09-28,0
health officials presented updated information on updated safety measures,Health officials presented updated safety measures. Officials encouraged the public to use information from reliable sources. Officials encouraged the public to use information from reliable sources. The study examined available evidence and identified several areas for further research.,space,2025-09-27,1
the country authorities released the results of a study,Education officials released the results of a study. Officials said the measure would be reviewed periodically. Researchers said additional studies are needed to understand the long-term effects. The company said more details would be provided after the review.,transport,2025-02-26,1
SHOCKING: a mysterious experiment secretly announces by an anonymous source,An anonymous source secretly announces a mysterious experiment. The story says officials are hiding the information from the public. The story contains sensational statements without supporting evidence. The story says officials are hiding the information from the public.,government,2025-08-02,0
SHOCKING: a completely unknown city mysteriously claims by a mysterious source,A mysterious source mysteriously claims a completely unknown city. The article asks readers to share the information immediately. The report uses anonymous sources without identifying them. The report provides no verifiable evidence for the claim.,health,2025-07-16,0
BREAKING: an unverified article reportedly reveals a hidden technology,An unverified article reportedly reveals a hidden technology. The source does not provide reliable documents or research. The report uses anonymous sources without identifying them. The article asks readers to share the information immediately.,transport,2025-08-20,0
company representatives confirmed a research project,Company representatives confirmed a research project. The announcement included information about the project and its expected implementation. Officials said the measure would be reviewed periodically. The findings were presented during a public meeting.,transport,2025-07-21,1
Chennai authorities published a new policy proposal,Scientists published a new policy proposal. Officials encouraged the public to use information from reliable sources. The report included data collected over several months. The findings were presented during a public meeting.,education,2025-02-24,1
Secret discovery: a mysterious experiment,An unverified report supposedly proves a mysterious experiment. The article asks readers to share the information immediately. The article asks readers to share the information immediately. The story contains sensational statements without supporting evidence.,environment,2025-11-20,0
URGENT: a miraculous discovery reportedly discovered,An unverified article reportedly reveals a miraculous discovery. The information has circulated widely on social media. The report uses anonymous sources without identifying them. The source does not provide reliable documents or research.,environment,2025-12-28,0
URGENT: a completely unknown city reportedly discovered,A social media message mysteriously claims a completely unknown city. The claim has not been independently verified. The claim has not been independently verified. The report uses anonymous sources without identifying them.,health,2025-06-18,0
VIRAL: an internet report secretly announces a secret government plan,An internet report secretly announces a secret government plan. The claim has not been independently verified. The article asks readers to share the information immediately. The story says officials are hiding the information from the public.,business,2025-12-21,0
New report: health officials approved a new research report,Health officials approved a new research report. Officials encouraged the public to use information from reliable sources. The study examined available evidence and identified several areas for further research. Researchers said additional studies are needed to understand the long-term effects.,sports,2025-08-23,1
New report: scientists introduced a new policy proposal,Scientists introduced a new policy proposal. The organization said the program would be implemented in phases. The company said more details would be provided after the review. The announcement included information about the project and its expected implementation.,health,2025-02-21,1
BREAKING: an unverified report apparently confirms a secret government plan,An unverified report apparently confirms a secret government plan. The report provides no verifiable evidence for the claim. The claim has not been independently verified. The article asks readers to share the information immediately.,health,2025-01-16,0
Bengaluru: transport authorities examined an annual report,Transport authorities examined an annual report. The announcement included information about the project and its expected implementation. The company said more details would be provided after the review. The proposal will be considered by the relevant authorities.,science,2025-05-21,1
VIRAL: a sensational website is said to reveal an unbelievable breakthrough,A sensational website is said to reveal an unbelievable breakthrough. The article encourages readers to believe the information without providing reliable evidence. No independent organization has confirmed the claim. No independent organization has confirmed the claim.,education,2025-08-06,0
Secret discovery: a mysterious experiment,A viral post alleges a mysterious experiment. The story contains sensational statements without supporting evidence. The story says officials are hiding the information from the public. The claim has not been independently verified.,environment,2025-04-14,0
Secret discovery: a mysterious experiment,An anonymous source supposedly proves a mysterious experiment. The information has circulated widely on social media. The report uses anonymous sources without identifying them. The article encourages readers to believe the information without providing reliable evidence.,transport,2025-07-09,0
company representatives published updated information on a public transport plan,Company representatives published a public transport plan. The proposal will be considered by the relevant authorities. The announcement included information about the project and its expected implementation. The proposal will be considered by the relevant authorities.,education,2025-05-03,1
SHOCKING: an unbelievable breakthrough mysteriously claims by a sensational website,A sensational website mysteriously claims an unbelievable breakthrough. The article encourages readers to believe the information without providing reliable evidence. The article asks readers to share the information immediately. The article encourages readers to believe the information without providing reliable evidence.,space,2025-05-06,0
Kolkata: scientists presented a public transport plan,Scientists presented a public transport plan. The organization said the program would be implemented in phases. Researchers said additional studies are needed to understand the long-term effects. The report included data collected over several months.,education,2025-07-04,1
transport authorities presented updated information on updated public guidance,Transport authorities presented updated public guidance. Officials encouraged the public to use information from reliable sources. The organization said the program would be implemented in phases. The study examined available evidence and identified several areas for further research.,education,2025-12-18,1
BREAKING: an anonymous source secretly announces a hidden international agreement,An anonymous source secretly announces a hidden international agreement. The report provides no verifiable evidence for the claim. The report provides no verifiable evidence for the claim. No independent organization has confirmed the claim.,government,2025-08-12,0
New Delhi authorities announced a new research report,Researchers announced a new research report. The organization said the program would be implemented in phases. Officials said the measure would be reviewed periodically. Officials encouraged the public to use information from reliable sources.,environment,2025-03-01,1
Secret discovery: an unbelievable breakthrough,An anonymous source claims an unbelievable breakthrough. No independent organization has confirmed the claim. The article encourages readers to believe the information without providing reliable evidence. The story says officials are hiding the information from the public.,technology,2025-02-28,0
New report: industry analysts announced a new policy proposal,Industry analysts announced a new policy proposal. The announcement included information about the project and its expected implementation. Researchers said additional studies are needed to understand the long-term effects. The proposal will be considered by the relevant authorities.,transport,2025-06-11,1
New report: local authorities reviewed updated public guidance,Local authorities reviewed updated public guidance. The proposal will be considered by the relevant authorities. The company said more details would be provided after the review. The study examined available evidence and identified several areas for further research.,education,2025-02-07,1
Hyderabad: industry analysts reviewed a new policy proposal,Industry analysts reviewed a new policy proposal. The findings were presented during a public meeting. The organization said the program would be implemented in phases. The findings were presented during a public meeting.,sports,2025-07-02,1
university researchers examined a technology update,University researchers examined a technology update. Researchers said additional studies are needed to understand the long-term effects. The findings were presented during a public meeting. Officials encouraged the public to use information from reliable sources.,space,2025-04-12,1
URGENT: a completely unknown city reportedly discovered,An unverified article secretly announces a completely unknown city. The claim has not been independently verified. The claim has not been independently verified. The source does not provide reliable documents or research.,education,2025-05-08,0
scientists approved updated public guidance,Scientists approved updated public guidance. The company said more details would be provided after the review. The organization said the program would be implemented in phases. Officials encouraged the public to use information from reliable sources.,technology,2025-11-18,1
Hyderabad: health officials confirmed updated safety measures,Health officials confirmed updated safety measures. The study examined available evidence and identified several areas for further research. The findings were presented during a public meeting. The study examined available evidence and identified several areas for further research.,space,2025-05-09,1
New report: government officials released a new research report,Government officials released a new research report. The organization said the program would be implemented in phases. Researchers said additional studies are needed to understand the long-term effects. Officials said the measure would be reviewed periodically.,health,2025-02-09,1
BREAKING: a social media message secretly announces a hidden international agreement,A social media message secretly announces a hidden international agreement. The story contains sensational statements without supporting evidence. The report uses anonymous sources without identifying them. The story says officials are hiding the information from the public.,sports,2025-11-24,0
an unverified article supposedly proves a revolutionary invention,An unverified article supposedly proves a revolutionary invention. The report uses anonymous sources without identifying them. The story says officials are hiding the information from the public. No independent organization has confirmed the claim.,health,2025-05-24,0
SHOCKING: a mysterious experiment apparently confirms by a social media message,A social media message apparently confirms a mysterious experiment. The story contains sensational statements without supporting evidence. The claim has not been independently verified. The information has circulated widely on social media.,environment,2025-03-22,0
New report: scientists released a new development program,Scientists released a new development program. The report included data collected over several months. The announcement included information about the project and its expected implementation. The company said more details would be provided after the review.,transport,2025-08-14,1
Secret discovery: a secret cure,An anonymous source apparently confirms a secret cure. The source does not provide reliable documents or research. The article encourages readers to believe the information without providing reliable evidence. The information has circulated widely on social media.,business,2025-02-22,0
BREAKING: a viral post claims a hidden technology,A viral post claims a hidden technology. The article encourages readers to believe the information without providing reliable evidence. The source does not provide reliable documents or research. The information has circulated widely on social media.,transport,2025-12-05,0
industry analysts confirmed updated information on a technology update,Industry analysts confirmed a technology update. The company said more details would be provided after the review. Officials said the measure would be reviewed periodically. Officials said the measure would be reviewed periodically.,government,2025-01-13,1
Secret discovery: a hidden technology,A sensational website mysteriously claims a hidden technology. No independent organization has confirmed the claim. The story says officials are hiding the information from the public. The information has circulated widely on social media.,environment,2025-06-18,0
Bengaluru: industry analysts reviewed a public transport plan,Industry analysts reviewed a public transport plan. The findings were presented during a public meeting. The company said more details would be provided after the review. The company said more details would be provided after the review.,business,2025-10-20,1
a sensational website supposedly proves a hidden international agreement,A sensational website supposedly proves a hidden international agreement. No independent organization has confirmed the claim. The source does not provide reliable documents or research. The source does not provide reliable documents or research.,science,2025-12-23,0
Secret discovery: a secret cure,A mysterious source claims a secret cure. The report uses anonymous sources without identifying them. The information has circulated widely on social media. The information has circulated widely on social media.,health,2025-08-02,0
education officials presented updated safety measures,Education officials presented updated safety measures. Officials encouraged the public to use information from reliable sources. The announcement included information about the project and its expected implementation. Officials encouraged the public to use information from reliable sources.,business,2025-01-19,1
BREAKING: an unverified article alleges a hidden international agreement,An unverified article alleges a hidden international agreement. No independent organization has confirmed the claim. No independent organization has confirmed the claim. The article encourages readers to believe the information without providing reliable evidence.,transport,2025-05-02,0
New report: transport authorities published the results of a study,Transport authorities published the results of a study. The proposal will be considered by the relevant authorities. The study examined available evidence and identified several areas for further research. The findings were presented during a public meeting.,science,2025-11-14,1
URGENT: a secret government plan reportedly discovered,An anonymous source supposedly proves a secret government plan. The report provides no verifiable evidence for the claim. The article asks readers to share the information immediately. The article encourages readers to believe the information without providing reliable evidence.,science,2025-04-21,0
New report: university researchers published an annual report,University researchers published an annual report. The findings were presented during a public meeting. Officials said the measure would be reviewed periodically. Officials said the measure would be reviewed periodically.,health,2025-12-25,1
India: health officials reported a research project,Health officials reported a research project. Officials encouraged the public to use information from reliable sources. Researchers said additional studies are needed to understand the long-term effects. Researchers said additional studies are needed to understand the long-term effects.,transport,2025-01-02,1
local authorities approved updated information on a new research report,Local authorities approved a new research report. The study examined available evidence and identified several areas for further research. Officials encouraged the public to use information from reliable sources. The company said more details would be provided after the review.,sports,2025-11-27,1
government officials approved an annual report,Government officials approved an annual report. Officials encouraged the public to use information from reliable sources. The report included data collected over several months. Researchers said additional studies are needed to understand the long-term effects.,technology,2025-10-25,1
an unverified article supposedly proves a miraculous discovery,An unverified article supposedly proves a miraculous discovery. No independent organization has confirmed the claim. The claim has not been independently verified. The source does not provide reliable documents or research.,health,2025-11-10,0
VIRAL: a mysterious source reportedly reveals an unbelievable breakthrough,A mysterious source reportedly reveals an unbelievable breakthrough. The report uses anonymous sources without identifying them. The article encourages readers to believe the information without providing reliable evidence. The story contains sensational statements without supporting evidence.,education,2025-06-27,0
New report: researchers reported a technology update,Researchers reported a technology update. The company said more details would be provided after the review. The report included data collected over several months. Officials encouraged the public to use information from reliable sources.,environment,2025-03-21,1
BREAKING: an unverified article alleges a hidden international agreement,An unverified article alleges a hidden international agreement. The source does not provide reliable documents or research. The story says officials are hiding the information from the public. The article asks readers to share the information immediately.,education,2025-08-17,0
Kolkata: health officials examined a new policy proposal,Health officials examined a new policy proposal. The proposal will be considered by the relevant authorities. Researchers said additional studies are needed to understand the long-term effects. The announcement included information about the project and its expected implementation.,business,2025-01-03,1
Secret discovery: a miraculous discovery,An unverified report is said to reveal a miraculous discovery. The story contains sensational statements without supporting evidence. The claim has not been independently verified. No independent organization has confirmed the claim.,health,2025-09-03,0
India: government officials published a technology update,Government officials published a technology update. The proposal will be considered by the relevant authorities. The company said more details would be provided after the review. The findings were presented during a public meeting.,health,2025-05-20,1
VIRAL: an online claim apparently confirms a hidden technology,An online claim apparently confirms a hidden technology. The information has circulated widely on social media. The story contains sensational statements without supporting evidence. The article encourages readers to believe the information without providing reliable evidence.,government,2025-11-27,0
researchers introduced updated information on the results of a study,Researchers introduced the results of a study. The report included data collected over several months. The findings were presented during a public meeting. The findings were presented during a public meeting.,health,2025-09-26,1
URGENT: a secret cure reportedly discovered,A viral video secretly announces a secret cure. The story says officials are hiding the information from the public. The story contains sensational statements without supporting evidence. The article encourages readers to believe the information without providing reliable evidence.,business,2025-11-28,0
India authorities released updated safety measures,Local authorities released updated safety measures. Officials said the measure would be reviewed periodically. The organization said the program would be implemented in phases. The company said more details would be provided after the review.,space,2025-06-03,1
scientists reported updated information on a new policy proposal,Scientists reported a new policy proposal. Officials encouraged the public to use information from reliable sources. The proposal will be considered by the relevant authorities. The report included data collected over several months.,transport,2025-11-13,1
VIRAL: an unverified report reportedly reveals an unbelievable breakthrough,An unverified report reportedly reveals an unbelievable breakthrough. No independent organization has confirmed the claim. The story says officials are hiding the information from the public. The information has circulated widely on social media.,space,2025-08-28,0
transport authorities released updated public guidance,Transport authorities released updated public guidance. The findings were presented during a public meeting. The announcement included information about the project and its expected implementation. Officials encouraged the public to use information from reliable sources.,science,2025-06-07,1
Secret discovery: a revolutionary invention,An unverified report alleges a revolutionary invention. The story contains sensational statements without supporting evidence. The report provides no verifiable evidence for the claim. The source does not provide reliable documents or research.,environment,2025-02-16,0
VIRAL: a mysterious source is said to reveal a miraculous discovery,A mysterious source is said to reveal a miraculous discovery. The story contains sensational statements without supporting evidence. The report provides no verifiable evidence for the claim. The information has circulated widely on social media.,transport,2025-02-14,0
India: company representatives confirmed a new policy proposal,Company representatives confirmed a new policy proposal. The organization said the program would be implemented in phases. Researchers said additional studies are needed to understand the long-term effects. Officials encouraged the public to use information from reliable sources.,technology,2025-02-07,1
the country authorities presented a new development program,Education officials presented a new development program. Officials said the measure would be reviewed periodically. Researchers said additional studies are needed to understand the long-term effects. The report included data collected over several months.,education,2025-08-28,1
BREAKING: a mysterious source reportedly reveals a completely unknown city,A mysterious source reportedly reveals a completely unknown city. The report provides no verifiable evidence for the claim. The source does not provide reliable documents or research. The report uses anonymous sources without identifying them.,space,2025-07-18,0
New report: health officials announced the results of a study,Health officials announced the results of a study. Researchers said additional studies are needed to understand the long-term effects. The company said more details would be provided after the review. The announcement included information about the project and its expected implementation.,education,2025-06-24,1
BREAKING: a viral post claims a secret cure,A viral post claims a secret cure. The report provides no verifiable evidence for the claim. The article encourages readers to believe the information without providing reliable evidence. The report uses anonymous sources without identifying them.,space,2025-09-06,0
BREAKING: an internet report supposedly proves a hidden international agreement,An internet report supposedly proves a hidden international agreement. The article encourages readers to believe the information without providing reliable evidence. No independent organization has confirmed the claim. The source does not provide reliable documents or research.,environment,2025-07-15,0
university researchers confirmed updated information on updated safety measures,University researchers confirmed updated safety measures. The study examined available evidence and identified several areas for further research. Researchers said additional studies are needed to understand the long-term effects. The organization said the program would be implemented in phases.,health,2025-11-19,1
SHOCKING: a shocking scientific discovery reportedly reveals by a viral video,A viral video reportedly reveals a shocking scientific discovery. The article asks readers to share the information immediately. The source does not provide reliable documents or research. The source does not provide reliable documents or research.,education,2025-08-05,0
transport authorities reported a research project,Transport authorities reported a research project. The company said more details would be provided after the review. The report included data collected over several months. The findings were presented during a public meeting.,space,2025-12-25,1
Bengaluru: researchers introduced the results of a study,Researchers introduced the results of a study. The report included data collected over several months. Researchers said additional studies are needed to understand the long-term effects. The organization said the program would be implemented in phases.,sports,2025-12-26,1
BREAKING: a viral video apparently confirms a hidden international agreement,A viral video apparently confirms a hidden international agreement. The source does not provide reliable documents or research. The story says officials are hiding the information from the public. The source does not provide reliable documents or research.,technology,2025-04-24,0
SHOCKING: a revolutionary invention apparently confirms by an unverified article,An unverified article apparently confirms a revolutionary invention. The report uses anonymous sources without identifying them. The source does not provide reliable documents or research. The claim has not been independently verified.,sports,2025-07-19,0
VIRAL: an online claim reportedly reveals a revolutionary invention,An online claim reportedly reveals a revolutionary invention. The article encourages readers to believe the information without providing reliable evidence. The information has circulated widely on social media. No independent organization has confirmed the claim.,space,2025-12-23,0
New report: transport authorities presented a public transport plan,Transport authorities presented a public transport plan. The proposal will be considered by the relevant authorities. The findings were presented during a public meeting. Researchers said additional studies are needed to understand the long-term effects.,technology,2025-06-14,1
transport authorities released updated information on updated safety measures,Transport authorities released updated safety measures. Researchers said additional studies are needed to understand the long-term effects. The announcement included information about the project and its expected implementation. The organization said the program would be implemented in phases.,education,2025-04-20,1
Mumbai authorities published a technology update,Researchers published a technology update. The findings were presented during a public meeting. The company said more details would be provided after the review. The proposal will be considered by the relevant authorities.,science,2025-10-01,1
an anonymous source reportedly reveals a hidden technology,An anonymous source reportedly reveals a hidden technology. The story says officials are hiding the information from the public. The report uses anonymous sources without identifying them. The article encourages readers to believe the information without providing reliable evidence.,transport,2025-05-23,0
BREAKING: an internet report alleges a miraculous discovery,An internet report alleges a miraculous discovery. The report uses anonymous sources without identifying them. The article encourages readers to believe the information without providing reliable evidence. The report provides no verifiable evidence for the claim.,space,2025-01-28,0
BREAKING: an unverified article supposedly proves a hidden technology,An unverified article supposedly proves a hidden technology. The information has circulated widely on social media. The claim has not been independently verified. The article encourages readers to believe the information without providing reliable evidence.,education,2025-03-03,0
local authorities published the results of a study,Local authorities published the results of a study. The study examined available evidence and identified several areas for further research. The announcement included information about the project and its expected implementation. Officials encouraged the public to use information from reliable sources.,transport,2025-07-02,1
Secret discovery: a completely unknown city,An anonymous source secretly announces a completely unknown city. The article encourages readers to believe the information without providing reliable evidence. The story contains sensational statements without supporting evidence. The article encourages readers to believe the information without providing reliable evidence.,environment,2025-03-20,0
SHOCKING: a secret cure is said to reveal by an online claim,An online claim is said to reveal a secret cure. The article encourages readers to believe the information without providing reliable evidence. The source does not provide reliable documents or research. The article asks readers to share the information immediately.,science,2025-08-24,0
VIRAL: an anonymous source supposedly proves a hidden international agreement,An anonymous source supposedly proves a hidden international agreement. The report provides no verifiable evidence for the claim. The article asks readers to share the information immediately. The story contains sensational statements without supporting evidence.,government,2025-04-19,0
scientists released a new development program,Scientists released a new development program. The announcement included information about the project and its expected implementation. Officials encouraged the public to use information from reliable sources. The findings were presented during a public meeting.,transport,2025-07-14,1
Secret discovery: a miraculous discovery,An unverified article supposedly proves a miraculous discovery. The story says officials are hiding the information from the public. The article encourages readers to believe the information without providing reliable evidence. The article encourages readers to believe the information without providing reliable evidence.,space,2025-07-15,0
a viral post mysteriously claims a shocking scientific discovery,A viral post mysteriously claims a shocking scientific discovery. The report provides no verifiable evidence for the claim. The source does not provide reliable documents or research. The source does not provide reliable documents or research.,health,2025-08-03,0
scientists examined updated information on updated public guidance,Scientists examined updated public guidance. The announcement included information about the project and its expected implementation. The organization said the program would be implemented in phases. The organization said the program would be implemented in phases.,sports,2025-07-10,1
New report: industry analysts announced a technology update,Industry analysts announced a technology update. The announcement included information about the project and its expected implementation. Officials said the measure would be reviewed periodically. The organization said the program would be implemented in phases.,government,2025-02-26,1
an internet report mysteriously claims a miraculous discovery,An internet report mysteriously claims a miraculous discovery. The article asks readers to share the information immediately. The article encourages readers to believe the information without providing reliable evidence. No independent organization has confirmed the claim.,sports,2025-07-22,0
BREAKING: an internet report apparently confirms a mysterious experiment,An internet report apparently confirms a mysterious experiment. The information has circulated widely on social media. The report uses anonymous sources without identifying them. The report provides no verifiable evidence for the claim.,technology,2025-05-21,0
URGENT: a completely unknown city reportedly discovered,An online claim apparently confirms a completely unknown city. The report provides no verifiable evidence for the claim. The article asks readers to share the information immediately. The information has circulated widely on social media.,government,2025-07-09,0
URGENT: an unbelievable breakthrough reportedly discovered,An online claim secretly announces an unbelievable breakthrough. The article asks readers to share the information immediately. The report uses anonymous sources without identifying them. The story says officials are hiding the information from the public.,health,2025-09-25,0
researchers reported a research project,Researchers reported a research project. The company said more details would be provided after the review. The report included data collected over several months. The report included data collected over several months.,transport,2025-02-03,1
New Delhi authorities introduced a research project,Transport authorities introduced a research project. The proposal will be considered by the relevant authorities. The proposal will be considered by the relevant authorities. The report included data collected over several months.,sports,2025-06-12,1
government officials approved a new research report,Government officials approved a new research report. The organization said the program would be implemented in phases. Officials said the measure would be reviewed periodically. The organization said the program would be implemented in phases.,business,2025-12-20,1
BREAKING: a viral video mysteriously claims a hidden international agreement,A viral video mysteriously claims a hidden international agreement. The story contains sensational statements without supporting evidence. The claim has not been independently verified. The article encourages readers to believe the information without providing reliable evidence.,technology,2025-02-25,0
an internet report alleges a revolutionary invention,An internet report alleges a revolutionary invention. The article asks readers to share the information immediately. The article encourages readers to believe the information without providing reliable evidence. The source does not provide reliable documents or research.,education,2025-05-01,0
Secret discovery: a miraculous discovery,A sensational website alleges a miraculous discovery. No independent organization has confirmed the claim. The claim has not been independently verified. The information has circulated widely on social media.,science,2025-04-17,0
Secret discovery: a revolutionary invention,An unverified article apparently confirms a revolutionary invention. The report uses anonymous sources without identifying them. No independent organization has confirmed the claim. No independent organization has confirmed the claim.,space,2025-05-18,0
an anonymous source apparently confirms a revolutionary invention,An anonymous source apparently confirms a revolutionary invention. The information has circulated widely on social media. The source does not provide reliable documents or research. The article asks readers to share the information immediately.,education,2025-01-01,0
Mumbai: industry analysts reviewed updated public guidance,Industry analysts reviewed updated public guidance. Officials said the measure would be reviewed periodically. The study examined available evidence and identified several areas for further research. The company said more details would be provided after the review.,business,2025-12-11,1
SHOCKING: a miraculous discovery mysteriously claims by a viral video,A viral video mysteriously claims a miraculous discovery. The story says officials are hiding the information from the public. The report uses anonymous sources without identifying them. The story says officials are hiding the information from the public.,health,2025-08-23,0
government officials approved updated safety measures,Government officials approved updated safety measures. The company said more details would be provided after the review. The study examined available evidence and identified several areas for further research. Officials encouraged the public to use information from reliable sources.,business,2025-08-23,1
Secret discovery: a secret government plan,An internet report claims a secret government plan. The story contains sensational statements without supporting evidence. The story contains sensational statements without supporting evidence. The report uses anonymous sources without identifying them.,transport,2025-09-09,0
BREAKING: an unverified article reportedly reveals a hidden international agreement,An unverified article reportedly reveals a hidden international agreement. The article encourages readers to believe the information without providing reliable evidence. The claim has not been independently verified. The claim has not been independently verified.,business,2025-11-04,0
VIRAL: a viral video apparently confirms a secret government plan,A viral video apparently confirms a secret government plan. No independent organization has confirmed the claim. The story says officials are hiding the information from the public. The report uses anonymous sources without identifying them.,health,2025-08-22,0
an internet report secretly announces a secret government plan,An internet report secretly announces a secret government plan. The information has circulated widely on social media. The story says officials are hiding the information from the public. The claim has not been independently verified.,education,2025-10-20,0
Bengaluru authorities reviewed a public transport plan,Transport authorities reviewed a public transport plan. Officials encouraged the public to use information from reliable sources. Researchers said additional studies are needed to understand the long-term effects. The proposal will be considered by the relevant authorities.,sports,2025-12-03,1
SHOCKING: a hidden international agreement reportedly reveals by a viral post,A viral post reportedly reveals a hidden international agreement. The claim has not been independently verified. The story contains sensational statements without supporting evidence. The report uses anonymous sources without identifying them.,space,2025-07-11,0
New report: scientists released a new policy proposal,Scientists released a new policy proposal. The study examined available evidence and identified several areas for further research. The proposal will be considered by the relevant authorities. The report included data collected over several months.,sports,2025-03-18,1
Secret discovery: a miraculous discovery,A sensational website is said to reveal a miraculous discovery. The claim has not been independently verified. The article asks readers to share the information immediately. No independent organization has confirmed the claim.,science,2025-12-16,0
local authorities presented a new development program,Local authorities presented a new development program. The organization said the program would be implemented in phases. Researchers said additional studies are needed to understand the long-term effects. The study examined available evidence and identified several areas for further research.,business,2025-03-07,1
New report: industry analysts examined a new policy proposal,Industry analysts examined a new policy proposal. The findings were presented during a public meeting. The announcement included information about the project and its expected implementation. Officials encouraged the public to use information from reliable sources.,environment,2025-11-27,1
VIRAL: an unverified article apparently confirms an unbelievable breakthrough,An unverified article apparently confirms an unbelievable breakthrough. The story says officials are hiding the information from the public. No independent organization has confirmed the claim. The information has circulated widely on social media.,environment,2025-03-04,0
Delhi authorities published updated safety measures,Scientists published updated safety measures. Researchers said additional studies are needed to understand the long-term effects. Officials encouraged the public to use information from reliable sources. Researchers said additional studies are needed to understand the long-term effects.,science,2025-05-25,1
SHOCKING: an unbelievable breakthrough secretly announces by a mysterious source,A mysterious source secretly announces an unbelievable breakthrough. The claim has not been independently verified. The article asks readers to share the information immediately. The report uses anonymous sources without identifying them.,environment,2025-02-11,0
Kolkata: industry analysts announced a new research report,Industry analysts announced a new research report. The report included data collected over several months. The findings were presented during a public meeting. The report included data collected over several months.,science,2025-02-01,1
New report: government officials reported a technology update,Government officials reported a technology update. Researchers said additional studies are needed to understand the long-term effects. The announcement included information about the project and its expected implementation. Officials encouraged the public to use information from reliable sources.,environment,2025-06-14,1
BREAKING: an internet report supposedly proves an unbelievable breakthrough,An internet report supposedly proves an unbelievable breakthrough. The information has circulated widely on social media. No independent organization has confirmed the claim. The report provides no verifiable evidence for the claim.,government,2025-10-26,0
Mumbai: education officials examined a research project,Education officials examined a research project. Officials encouraged the public to use information from reliable sources. The study examined available evidence and identified several areas for further research. The study examined available evidence and identified several areas for further research.,transport,2025-03-28,1
health officials confirmed a research project,Health officials confirmed a research project. The proposal will be considered by the relevant authorities. Researchers said additional studies are needed to understand the long-term effects. Researchers said additional studies are needed to understand the long-term effects.,transport,2025-03-25,1
government officials reviewed updated information on updated public guidance,Government officials reviewed updated public guidance. The proposal will be considered by the relevant authorities. Officials said the measure would be reviewed periodically. The study examined available evidence and identified several areas for further research.,sports,2025-05-12,1
URGENT: a mysterious experiment reportedly discovered,An online claim is said to reveal a mysterious experiment. The report provides no verifiable evidence for the claim. The claim has not been independently verified. The source does not provide reliable documents or research.,sports,2025-12-22,0
the country authorities reviewed a new policy proposal,Company representatives reviewed a new policy proposal. Officials encouraged the public to use information from reliable sources. The report included data collected over several months. Officials said the measure would be reviewed periodically.,government,2025-04-02,1
Delhi: company representatives introduced the results of a study,Company representatives introduced the results of a study. The organization said the program would be implemented in phases. Researchers said additional studies are needed to understand the long-term effects. The proposal will be considered by the relevant authorities.,education,2025-04-07,1
URGENT: a shocking scientific discovery reportedly discovered,A viral post is said to reveal a shocking scientific discovery. The source does not provide reliable documents or research. The report uses anonymous sources without identifying them. The source does not provide reliable documents or research.,health,2025-04-04,0
VIRAL: a sensational website alleges a revolutionary invention,A sensational website alleges a revolutionary invention. The claim has not been independently verified. The information has circulated widely on social media. The source does not provide reliable documents or research.,science,2025-01-23,0
India authorities confirmed updated safety measures,Health officials confirmed updated safety measures. The proposal will be considered by the relevant authorities. Researchers said additional studies are needed to understand the long-term effects. The proposal will be considered by the relevant authorities.,health,2025-07-11,1
URGENT: a hidden technology reportedly discovered,A social media message apparently confirms a hidden technology. The claim has not been independently verified. The report uses anonymous sources without identifying them. The story contains sensational statements without supporting evidence.,business,2025-09-25,0
Chennai: company representatives examined a new development program,Company representatives examined a new development program. The announcement included information about the project and its expected implementation. The organization said the program would be implemented in phases. The findings were presented during a public meeting.,environment,2025-11-12,1
BREAKING: a viral video mysteriously claims a hidden technology,A viral video mysteriously claims a hidden technology. The article encourages readers to believe the information without providing reliable evidence. The story contains sensational statements without supporting evidence. The article encourages readers to believe the information without providing reliable evidence.,science,2025-06-24,0
SHOCKING: an unbelievable breakthrough is said to reveal by a social media message,A social media message is said to reveal an unbelievable breakthrough. The story says officials are hiding the information from the public. The report provides no verifiable evidence for the claim. No independent organization has confirmed the claim.,education,2025-02-28,0
BREAKING: a sensational website mysteriously claims a mysterious experiment,A sensational website mysteriously claims a mysterious experiment. The article asks readers to share the information immediately. The source does not provide reliable documents or research. The story says officials are hiding the information from the public.,government,2025-04-28,0
BREAKING: an online claim supposedly proves a hidden international agreement,An online claim supposedly proves a hidden international agreement. The story says officials are hiding the information from the public. The information has circulated widely on social media. The article asks readers to share the information immediately.,education,2025-12-12,0
company representatives published updated information on a new development program,Company representatives published a new development program. The announcement included information about the project and its expected implementation. The organization said the program would be implemented in phases. The company said more details would be provided after the review.,environment,2025-02-04,1
Bengaluru authorities presented a new development program,University researchers presented a new development program. The organization said the program would be implemented in phases. The findings were presented during a public meeting. Officials said the measure would be reviewed periodically.,education,2025-08-22,1
Mumbai authorities approved a new development program,Education officials approved a new development program. The study examined available evidence and identified several areas for further research. Officials said the measure would be reviewed periodically. Researchers said additional studies are needed to understand the long-term effects.,business,2025-03-25,1
scientists examined updated information on a technology update,Scientists examined a technology update. The company said more details would be provided after the review. The report included data collected over several months. The report included data collected over several months.,education,2025-10-27,1
New report: industry analysts reported a technology update,Industry analysts reported a technology update. Researchers said additional studies are needed to understand the long-term effects. The report included data collected over several months. The report included data collected over several months.,science,2025-12-21,1
New report: transport authorities examined updated safety measures,Transport authorities examined updated safety measures. The organization said the program would be implemented in phases. The announcement included information about the project and its expected implementation. The company said more details would be provided after the review.,government,2025-12-16,1
New report: industry analysts presented a research project,Industry analysts presented a research project. The findings were presented during a public meeting. The announcement included information about the project and its expected implementation. The announcement included information about the project and its expected implementation.,sports,2025-01-05,1
SHOCKING: a shocking scientific discovery mysteriously claims by a viral video,A viral video mysteriously claims a shocking scientific discovery. The article asks readers to share the information immediately. The information has circulated widely on social media. The information has circulated widely on social media.,science,2025-05-03,0
New report: local authorities presented updated safety measures,Local authorities presented updated safety measures. The report included data collected over several months. Researchers said additional studies are needed to understand the long-term effects. The announcement included information about the project and its expected implementation.,health,2025-10-07,1
industry analysts published a new development program,Industry analysts published a new development program. Officials said the measure would be reviewed periodically. The report included data collected over several months. The announcement included information about the project and its expected implementation.,transport,2025-03-09,1
local authorities confirmed updated information on a new policy proposal,Local authorities confirmed a new policy proposal. The company said more details would be provided after the review. The announcement included information about the project and its expected implementation. Researchers said additional studies are needed to understand the long-term effects.,environment,2025-11-03,1
Bengaluru authorities approved a public transport plan,Industry analysts approved a public transport plan. Officials said the measure would be reviewed periodically. The announcement included information about the project and its expected implementation. Researchers said additional studies are needed to understand the long-term effects.,business,2025-07-06,1
an unverified report reportedly reveals a revolutionary invention,An unverified report reportedly reveals a revolutionary invention. The story contains sensational statements without supporting evidence. The claim has not been independently verified. The report uses anonymous sources without identifying them.,transport,2025-02-13,0
URGENT: a miraculous discovery reportedly discovered,A viral post claims a miraculous discovery. The report uses anonymous sources without identifying them. The information has circulated widely on social media. The story says officials are hiding the information from the public.,space,2025-05-16,0
VIRAL: an unverified article apparently confirms a completely unknown city,An unverified article apparently confirms a completely unknown city. The report uses anonymous sources without identifying them. The story contains sensational statements without supporting evidence. The report uses anonymous sources without identifying them.,technology,2025-08-24,0
Hyderabad authorities approved a research project,Researchers approved a research project. Researchers said additional studies are needed to understand the long-term effects. The proposal will be considered by the relevant authorities. The proposal will be considered by the relevant authorities.,technology,2025-03-17,1
New report: industry analysts published a technology update,Industry analysts published a technology update. Officials said the measure would be reviewed periodically. The report included data collected over several months. Officials encouraged the public to use information from reliable sources.,business,2025-05-10,1
New report: company representatives introduced a new policy proposal,Company representatives introduced a new policy proposal. The proposal will be considered by the relevant authorities. The proposal will be considered by the relevant authorities. The company said more details would be provided after the review.,government,2025-06-28,1
company representatives introduced updated information on the results of a study,Company representatives introduced the results of a study. The proposal will be considered by the relevant authorities. Officials encouraged the public to use information from reliable sources. The organization said the program would be implemented in phases.,business,2025-10-01,1
URGENT: a shocking scientific discovery reportedly discovered,A social media message supposedly proves a shocking scientific discovery. The report uses anonymous sources without identifying them. No independent organization has confirmed the claim. The report uses anonymous sources without identifying them.,space,2025-03-13,0
VIRAL: an online claim is said to reveal a secret government plan,An online claim is said to reveal a secret government plan. The article encourages readers to believe the information without providing reliable evidence. The report uses anonymous sources without identifying them. The report uses anonymous sources without identifying them.,government,2025-01-18,0
researchers examined a research project,Researchers examined a research project. Researchers said additional studies are needed to understand the long-term effects. The findings were presented during a public meeting. Researchers said additional studies are needed to understand the long-term effects.,technology,2025-04-03,1
India: health officials examined updated safety measures,Health officials examined updated safety measures. The study examined available evidence and identified several areas for further research. The findings were presented during a public meeting. The organization said the program would be implemented in phases.,space,2025-03-03,1
SHOCKING: a miraculous discovery secretly announces by an online claim,An online claim secretly announces a miraculous discovery. The information has circulated widely on social media. The story contains sensational statements without supporting evidence. The information has circulated widely on social media.,business,2025-02-22,0
BREAKING: an unverified report mysteriously claims a miraculous discovery,An unverified report mysteriously claims a miraculous discovery. The article asks readers to share the information immediately. The story contains sensational statements without supporting evidence. No independent organization has confirmed the claim.,business,2025-06-21,0
BREAKING: an unverified article reportedly reveals a mysterious experiment,An unverified article reportedly reveals a mysterious experiment. The story says officials are hiding the information from the public. The story says officials are hiding the information from the public. The story says officials are hiding the information from the public.,environment,2025-02-24,0
SHOCKING: a shocking scientific discovery apparently confirms by an online claim,An online claim apparently confirms a shocking scientific discovery. The story contains sensational statements without supporting evidence. No independent organization has confirmed the claim. The source does not provide reliable documents or research.,sports,2025-03-26,0
VIRAL: an online claim secretly announces a mysterious experiment,An online claim secretly announces a mysterious experiment. The article encourages readers to believe the information without providing reliable evidence. The information has circulated widely on social media. The story contains sensational statements without supporting evidence.,government,2025-08-28,0
Hyderabad: university researchers approved a new policy proposal,University researchers approved a new policy proposal. The report included data collected over several months. The announcement included information about the project and its expected implementation. Officials encouraged the public to use information from reliable sources.,education,2025-11-18,1
BREAKING: an unverified article alleges an unbelievable breakthrough,An unverified article alleges an unbelievable breakthrough. The report provides no verifiable evidence for the claim. The claim has not been independently verified. The claim has not been independently verified.,science,2025-10-18,0
industry analysts confirmed updated information on a new policy proposal,Industry analysts confirmed a new policy proposal. The findings were presented during a public meeting. The study examined available evidence and identified several areas for further research. Researchers said additional studies are needed to understand the long-term effects.,space,2025-12-19,1
health officials reported a technology update,Health officials reported a technology update. The report included data collected over several months. The organization said the program would be implemented in phases. The proposal will be considered by the relevant authorities.,technology,2025-06-13,1
industry analysts published updated safety measures,Industry analysts published updated safety measures. Researchers said additional studies are needed to understand the long-term effects. Researchers said additional studies are needed to understand the long-term effects. The report included data collected over several months.,health,2025-09-24,1
scientists released a new research report,Scientists released a new research report. The proposal will be considered by the relevant authorities. The company said more details would be provided after the review. The findings were presented during a public meeting.,space,2025-02-09,1
BREAKING: a mysterious source claims a secret government plan,A mysterious source claims a secret government plan. No independent organization has confirmed the claim. No independent organization has confirmed the claim. The claim has not been independently verified.,sports,2025-01-18,0
India authorities introduced a research project,Health officials introduced a research project. The proposal will be considered by the relevant authorities. The announcement included information about the project and its expected implementation. The findings were presented during a public meeting.,environment,2025-08-07,1
Secret discovery: a revolutionary invention,A viral post apparently confirms a revolutionary invention. The claim has not been independently verified. The article asks readers to share the information immediately. The story says officials are hiding the information from the public.,transport,2025-06-19,0
New report: transport authorities released a technology update,Transport authorities released a technology update. The organization said the program would be implemented in phases. The findings were presented during a public meeting. The proposal will be considered by the relevant authorities.,health,2025-09-26,1
SHOCKING: a completely unknown city supposedly proves by an online claim,An online claim supposedly proves a completely unknown city. The claim has not been independently verified. The report provides no verifiable evidence for the claim. The information has circulated widely on social media.,science,2025-05-23,0
BREAKING: a sensational website claims an unbelievable breakthrough,A sensational website claims an unbelievable breakthrough. The information has circulated widely on social media. The article encourages readers to believe the information without providing reliable evidence. The article encourages readers to believe the information without providing reliable evidence.,space,2025-06-09,0
VIRAL: an internet report reportedly reveals a shocking scientific discovery,An internet report reportedly reveals a shocking scientific discovery. The claim has not been independently verified. The source does not provide reliable documents or research. The claim has not been independently verified.,business,2025-12-24,0
Bengaluru authorities released updated safety measures,Researchers released updated safety measures. The study examined available evidence and identified several areas for further research. Officials said the measure would be reviewed periodically. Officials encouraged the public to use information from reliable sources.,sports,2025-03-09,1
the country: government officials announced a public transport plan,Government officials announced a public transport plan. Officials said the measure would be reviewed periodically. The study examined available evidence and identified several areas for further research. The report included data collected over several months.,education,2025-12-28,1
university researchers reported a technology update,University researchers reported a technology update. The report included data collected over several months. The report included data collected over several months. Researchers said additional studies are needed to understand the long-term effects.,health,2025-09-17,1
a social media message claims a completely unknown city,A social media message claims a completely unknown city. The article asks readers to share the information immediately. The story says officials are hiding the information from the public. No independent organization has confirmed the claim.,business,2025-07-17,0
Secret discovery: a shocking scientific discovery,A mysterious source is said to reveal a shocking scientific discovery. The report provides no verifiable evidence for the claim. The source does not provide reliable documents or research. The article encourages readers to believe the information without providing reliable evidence.,education,2025-06-04,0
VIRAL: a mysterious source is said to reveal a secret government plan,A mysterious source is said to reveal a secret government plan. The source does not provide reliable documents or research. The claim has not been independently verified. The report provides no verifiable evidence for the claim.,technology,2025-05-03,0
Hyderabad authorities published a new research report,Government officials published a new research report. The report included data collected over several months. The findings were presented during a public meeting. The proposal will be considered by the relevant authorities.,transport,2025-05-26,1
Pune authorities reported a research project,Company representatives reported a research project. The organization said the program would be implemented in phases. The announcement included information about the project and its expected implementation. The proposal will be considered by the relevant authorities.,health,2025-07-22,1
Bengaluru authorities reviewed the results of a study,University researchers reviewed the results of a study. The report included data collected over several months. Officials said the measure would be reviewed periodically. The findings were presented during a public meeting.,health,2025-01-08,1
New report: health officials announced a research project,Health officials announced a research project. The report included data collected over several months. The proposal will be considered by the relevant authorities. The report included data collected over several months.,sports,2025-02-02,1
an online claim is said to reveal a mysterious experiment,An online claim is said to reveal a mysterious experiment. The claim has not been independently verified. The source does not provide reliable documents or research. The source does not provide reliable documents or research.,technology,2025-10-22,0
Secret discovery: an unbelievable breakthrough,A viral video supposedly proves an unbelievable breakthrough. The claim has not been independently verified. The report provides no verifiable evidence for the claim. The claim has not been independently verified.,education,2025-11-04,0
Bengaluru authorities presented updated public guidance,Education officials presented updated public guidance. Officials encouraged the public to use information from reliable sources. Researchers said additional studies are needed to understand the long-term effects. Officials encouraged the public to use information from reliable sources.,health,2025-05-13,1
Chennai: education officials announced a new research report,Education officials announced a new research report. Officials said the measure would be reviewed periodically. The report included data collected over several months. Officials said the measure would be reviewed periodically.,health,2025-12-06,1
India: industry analysts reviewed an annual report,Industry analysts reviewed an annual report. Officials encouraged the public to use information from reliable sources. The company said more details would be provided after the review. Officials said the measure would be reviewed periodically.,education,2025-02-13,1
SHOCKING: a hidden international agreement claims by an online claim,An online claim claims a hidden international agreement. The report uses anonymous sources without identifying them. The article asks readers to share the information immediately. No independent organization has confirmed the claim.,technology,2025-09-21,0
SHOCKING: a hidden technology mysteriously claims by a sensational website,A sensational website mysteriously claims a hidden technology. The information has circulated widely on social media. The information has circulated widely on social media. The report provides no verifiable evidence for the claim.,sports,2025-04-15,0
researchers announced updated information on an annual report,Researchers announced an annual report. The study examined available evidence and identified several areas for further research. The announcement included information about the project and its expected implementation. The proposal will be considered by the relevant authorities.,environment,2025-08-02,1
New report: health officials examined a new policy proposal,Health officials examined a new policy proposal. The study examined available evidence and identified several areas for further research. The company said more details would be provided after the review. The report included data collected over several months.,government,2025-04-27,1
URGENT: a completely unknown city reportedly discovered,A sensational website is said to reveal a completely unknown city. The article encourages readers to believe the information without providing reliable evidence. No independent organization has confirmed the claim. The report uses anonymous sources without identifying them.,space,2025-11-22,0
New report: university researchers reviewed a new policy proposal,University researchers reviewed a new policy proposal. The organization said the program would be implemented in phases. The findings were presented during a public meeting. Officials said the measure would be reviewed periodically.,space,2025-10-12,1
URGENT: a secret cure reportedly discovered,A viral post mysteriously claims a secret cure. The article encourages readers to believe the information without providing reliable evidence. The article encourages readers to believe the information without providing reliable evidence. The article encourages readers to believe the information without providing reliable evidence.,space,2025-09-21,0
Delhi: education officials introduced a new policy proposal,Education officials introduced a new policy proposal. The announcement included information about the project and its expected implementation. The study examined available evidence and identified several areas for further research. The study examined available evidence and identified several areas for further research.,government,2025-05-14,1
SHOCKING: a mysterious experiment reportedly reveals by an unverified article,An unverified article reportedly reveals a mysterious experiment. The story contains sensational statements without supporting evidence. The source does not provide reliable documents or research. The story contains sensational statements without supporting evidence.,education,2025-10-23,0
Bengaluru authorities introduced a new policy proposal,Health officials introduced a new policy proposal. The proposal will be considered by the relevant authorities. The organization said the program would be implemented in phases. The announcement included information about the project and its expected implementation.,technology,2025-06-12,1
local authorities examined updated public guidance,Local authorities examined updated public guidance. The proposal will be considered by the relevant authorities. The announcement included information about the project and its expected implementation. Researchers said additional studies are needed to understand the long-term effects.,technology,2025-03-17,1
Delhi: university researchers reviewed a technology update,University researchers reviewed a technology update. The company said more details would be provided after the review. The study examined available evidence and identified several areas for further research. Officials encouraged the public to use information from reliable sources.,business,2025-06-20,1
Secret discovery: a hidden international agreement,An unverified article claims a hidden international agreement. The article encourages readers to believe the information without providing reliable evidence. The article encourages readers to believe the information without providing reliable evidence. No independent organization has confirmed the claim.,business,2025-09-17,0
a mysterious source mysteriously claims a hidden technology,A mysterious source mysteriously claims a hidden technology. The information has circulated widely on social media. The article asks readers to share the information immediately. The claim has not been independently verified.,transport,2025-04-28,0
Chennai authorities reported a new policy proposal,Scientists reported a new policy proposal. The study examined available evidence and identified several areas for further research. The study examined available evidence and identified several areas for further research. The study examined available evidence and identified several areas for further research.,education,2025-10-13,1
URGENT: a secret cure reportedly discovered,A social media message reportedly reveals a secret cure. The article encourages readers to believe the information without providing reliable evidence. The report provides no verifiable evidence for the claim. The claim has not been independently verified.,transport,2025-08-14,0
India authorities examined a new development program,Researchers examined a new development program. The organization said the program would be implemented in phases. The company said more details would be provided after the review. The proposal will be considered by the relevant authorities.,education,2025-10-27,1
BREAKING: an online claim is said to reveal a secret government plan,An online claim is said to reveal a secret government plan. No independent organization has confirmed the claim. The information has circulated widely on social media. The article encourages readers to believe the information without providing reliable evidence.,technology,2025-06-12,0
Secret discovery: a completely unknown city,A viral post is said to reveal a completely unknown city. The report provides no verifiable evidence for the claim. The article asks readers to share the information immediately. The story says officials are hiding the information from the public.,education,2025-07-12,0
Secret discovery: a revolutionary invention,A viral video apparently confirms a revolutionary invention. The report provides no verifiable evidence for the claim. The information has circulated widely on social media. The source does not provide reliable documents or research.,government,2025-12-07,0
SHOCKING: a mysterious experiment apparently confirms by a sensational website,A sensational website apparently confirms a mysterious experiment. The story contains sensational statements without supporting evidence. The story says officials are hiding the information from the public. The story contains sensational statements without supporting evidence.,space,2025-11-12,0
education officials reviewed updated safety measures,Education officials reviewed updated safety measures. Officials said the measure would be reviewed periodically. The announcement included information about the project and its expected implementation. Researchers said additional studies are needed to understand the long-term effects.,health,2025-06-17,1
researchers examined updated information on the results of a study,Researchers examined the results of a study. The report included data collected over several months. The company said more details would be provided after the review. The proposal will be considered by the relevant authorities.,education,2025-02-25,1
education officials announced a new policy proposal,Education officials announced a new policy proposal. The proposal will be considered by the relevant authorities. The proposal will be considered by the relevant authorities. The study examined available evidence and identified several areas for further research.,sports,2025-10-24,1
government officials introduced updated information on updated safety measures,Government officials introduced updated safety measures. The proposal will be considered by the relevant authorities. Officials said the measure would be reviewed periodically. Officials said the measure would be reviewed periodically.,health,2025-05-25,1
VIRAL: a viral video is said to reveal a hidden technology,A viral video is said to reveal a hidden technology. The article encourages readers to believe the information without providing reliable evidence. The report uses anonymous sources without identifying them. The claim has not been independently verified.,transport,2025-08-26,0
Chennai: transport authorities reviewed a new policy proposal,Transport authorities reviewed a new policy proposal. The organization said the program would be implemented in phases. The findings were presented during a public meeting. The study examined available evidence and identified several areas for further research.,space,2025-08-22,1
New report: government officials published a new research report,Government officials published a new research report. Officials encouraged the public to use information from reliable sources. The findings were presented during a public meeting. The study examined available evidence and identified several areas for further research.,education,2025-02-16,1
company representatives approved a research project,Company representatives approved a research project. The announcement included information about the project and its expected implementation. The findings were presented during a public meeting. The announcement included information about the project and its expected implementation.,transport,2025-01-24,1
SHOCKING: a secret cure supposedly proves by a mysterious source,A mysterious source supposedly proves a secret cure. The story contains sensational statements without supporting evidence. The report uses anonymous sources without identifying them. The report uses anonymous sources without identifying them.,transport,2025-06-25,0
local authorities announced updated information on a technology update,Local authorities announced a technology update. The announcement included information about the project and its expected implementation. The findings were presented during a public meeting. The announcement included information about the project and its expected implementation.,sports,2025-08-11,1
Mumbai authorities released a public transport plan,Government officials released a public transport plan. The study examined available evidence and identified several areas for further research. Researchers said additional studies are needed to understand the long-term effects. The report included data collected over several months.,health,2025-05-21,1
URGENT: a revolutionary invention reportedly discovered,An internet report secretly announces a revolutionary invention. The report provides no verifiable evidence for the claim. The story says officials are hiding the information from the public. No independent organization has confirmed the claim.,environment,2025-08-08,0
VIRAL: an online claim apparently confirms a hidden international agreement,An online claim apparently confirms a hidden international agreement. The article encourages readers to believe the information without providing reliable evidence. The article asks readers to share the information immediately. The story contains sensational statements without supporting evidence.,business,2025-05-13,0
an unverified report apparently confirms a secret cure,An unverified report apparently confirms a secret cure. The article asks readers to share the information immediately. No independent organization has confirmed the claim. The story says officials are hiding the information from the public.,education,2025-10-03,0
a sensational website apparently confirms a secret cure,A sensational website apparently confirms a secret cure. The information has circulated widely on social media. The source does not provide reliable documents or research. The information has circulated widely on social media.,education,2025-02-16,0
Secret discovery: a mysterious experiment,An unverified report alleges a mysterious experiment. The article encourages readers to believe the information without providing reliable evidence. The source does not provide reliable documents or research. The information has circulated widely on social media.,sports,2025-06-09,0
New report: company representatives announced a research project,Company representatives announced a research project. The company said more details would be provided after the review. Researchers said additional studies are needed to understand the long-term effects. The report included data collected over several months.,government,2025-11-10,1
New Delhi: government officials introduced a research project,Government officials introduced a research project. The proposal will be considered by the relevant authorities. The proposal will be considered by the relevant authorities. Researchers said additional studies are needed to understand the long-term effects.,government,2025-02-12,1
New report: education officials reviewed an annual report,Education officials reviewed an annual report. The findings were presented during a public meeting. The study examined available evidence and identified several areas for further research. Officials said the measure would be reviewed periodically.,environment,2025-02-16,1
a viral video supposedly proves a hidden technology,A viral video supposedly proves a hidden technology. The article asks readers to share the information immediately. The source does not provide reliable documents or research. The story says officials are hiding the information from the public.,government,2025-06-26,0
Delhi authorities reported an annual report,University researchers reported an annual report. The proposal will be considered by the relevant authorities. The organization said the program would be implemented in phases. The company said more details would be provided after the review.,government,2025-09-03,1
the country: scientists presented an annual report,Scientists presented an annual report. The findings were presented during a public meeting. Officials said the measure would be reviewed periodically. The findings were presented during a public meeting.,space,2025-04-16,1
a mysterious source mysteriously claims a secret cure,A mysterious source mysteriously claims a secret cure. No independent organization has confirmed the claim. The story contains sensational statements without supporting evidence. The story contains sensational statements without supporting evidence.,sports,2025-11-01,0
SHOCKING: a revolutionary invention apparently confirms by a viral video,A viral video apparently confirms a revolutionary invention. The story says officials are hiding the information from the public. The story contains sensational statements without supporting evidence. The article asks readers to share the information immediately.,transport,2025-11-09,0
BREAKING: a mysterious source reportedly reveals a mysterious experiment,A mysterious source reportedly reveals a mysterious experiment. No independent organization has confirmed the claim. The information has circulated widely on social media. The story says officials are hiding the information from the public.,technology,2025-02-11,0
company representatives released updated public guidance,Company representatives released updated public guidance. Officials said the measure would be reviewed periodically. The study examined available evidence and identified several areas for further research. The study examined available evidence and identified several areas for further research.,environment,2025-09-15,1
SHOCKING: a shocking scientific discovery supposedly proves by a viral post,A viral post supposedly proves a shocking scientific discovery. The article asks readers to share the information immediately. The information has circulated widely on social media. The story contains sensational statements without supporting evidence.,environment,2025-08-28,0
Chennai authorities examined updated public guidance,Scientists examined updated public guidance. Officials said the measure would be reviewed periodically. The announcement included information about the project and its expected implementation. The report included data collected over several months.,government,2025-01-05,1
university researchers approved a new development program,University researchers approved a new development program. The report included data collected over several months. The report included data collected over several months. Officials encouraged the public to use information from reliable sources.,technology,2025-01-21,1
company representatives examined updated information on updated safety measures,Company representatives examined updated safety measures. The announcement included information about the project and its expected implementation. Researchers said additional studies are needed to understand the long-term effects. The report included data collected over several months.,health,2025-05-10,1
Secret discovery: a shocking scientific discovery,A sensational website supposedly proves a shocking scientific discovery. The story contains sensational statements without supporting evidence. The report uses anonymous sources without identifying them. The claim has not been independently verified.,transport,2025-02-08,0
URGENT: a mysterious experiment reportedly discovered,A viral post alleges a mysterious experiment. The report provides no verifiable evidence for the claim. No independent organization has confirmed the claim. The claim has not been independently verified.,space,2025-07-24,0
scientists presented updated public guidance,Scientists presented updated public guidance. The study examined available evidence and identified several areas for further research. The findings were presented during a public meeting. Officials encouraged the public to use information from reliable sources.,transport,2025-08-16,1
India: researchers published updated safety measures,Researchers published updated safety measures. The findings were presented during a public meeting. The proposal will be considered by the relevant authorities. The organization said the program would be implemented in phases.,science,2025-12-09,1
SHOCKING: a revolutionary invention apparently confirms by a viral post,A viral post apparently confirms a revolutionary invention. The report uses anonymous sources without identifying them. The article encourages readers to believe the information without providing reliable evidence. The article encourages readers to believe the information without providing reliable evidence.,government,2025-08-15,0
university researchers reviewed updated information on a research project,University researchers reviewed a research project. The findings were presented during a public meeting. The organization said the program would be implemented in phases. The report included data collected over several months.,business,2025-12-17,1
New Delhi: company representatives announced a public transport plan,Company representatives announced a public transport plan. The organization said the program would be implemented in phases. The study examined available evidence and identified several areas for further research. The report included data collected over several months.,sports,2025-06-02,1
SHOCKING: a secret government plan apparently confirms by an unverified article,An unverified article apparently confirms a secret government plan. The report uses anonymous sources without identifying them. The article encourages readers to believe the information without providing reliable evidence. No independent organization has confirmed the claim.,transport,2025-02-09,0
researchers confirmed updated public guidance,Researchers confirmed updated public guidance. Officials encouraged the public to use information from reliable sources. Researchers said additional studies are needed to understand the long-term effects. Officials encouraged the public to use information from reliable sources.,technology,2025-10-15,1
BREAKING: an unverified article claims a revolutionary invention,An unverified article claims a revolutionary invention. The report provides no verifiable evidence for the claim. The article asks readers to share the information immediately. The report uses anonymous sources without identifying them.,environment,2025-08-10,0
Pune: transport authorities released a public transport plan,Transport authorities released a public transport plan. Researchers said additional studies are needed to understand the long-term effects. Officials said the measure would be reviewed periodically. Officials said the measure would be reviewed periodically.,education,2025-12-11,1
URGENT: a hidden technology reportedly discovered,A sensational website supposedly proves a hidden technology. The article encourages readers to believe the information without providing reliable evidence. The report uses anonymous sources without identifying them. The claim has not been independently verified.,space,2025-02-19,0
transport authorities examined a public transport plan,Transport authorities examined a public transport plan. Researchers said additional studies are needed to understand the long-term effects. The findings were presented during a public meeting. The findings were presented during a public meeting.,health,2025-02-28,1
local authorities introduced updated information on updated public guidance,Local authorities introduced updated public guidance. Officials said the measure would be reviewed periodically. The announcement included information about the project and its expected implementation. The proposal will be considered by the relevant authorities.,education,2025-07-06,1
a social media message reportedly reveals a hidden technology,A social media message reportedly reveals a hidden technology. The report uses anonymous sources without identifying them. The article encourages readers to believe the information without providing reliable evidence. The report provides no verifiable evidence for the claim.,business,2025-01-16,0
local authorities reported updated information on a technology update,Local authorities reported a technology update. The study examined available evidence and identified several areas for further research. The announcement included information about the project and its expected implementation. The organization said the program would be implemented in phases.,science,2025-02-01,1
VIRAL: an anonymous source mysteriously claims a secret cure,An anonymous source mysteriously claims a secret cure. The report provides no verifiable evidence for the claim. No independent organization has confirmed the claim. The article encourages readers to believe the information without providing reliable evidence.,health,2025-09-05,0
BREAKING: an online claim secretly announces a hidden international agreement,An online claim secretly announces a hidden international agreement. The information has circulated widely on social media. The claim has not been independently verified. The source does not provide reliable documents or research.,environment,2025-01-28,0
VIRAL: an online claim reportedly reveals an unbelievable breakthrough,An online claim reportedly reveals an unbelievable breakthrough. The article asks readers to share the information immediately. The story contains sensational statements without supporting evidence. The article encourages readers to believe the information without providing reliable evidence.,business,2025-03-13,0
Delhi: education officials presented updated public guidance,Education officials presented updated public guidance. Officials said the measure would be reviewed periodically. The findings were presented during a public meeting. The findings were presented during a public meeting.,health,2025-01-13,1
SHOCKING: an unbelievable breakthrough mysteriously claims by a mysterious source,A mysterious source mysteriously claims an unbelievable breakthrough. The claim has not been independently verified. The report provides no verifiable evidence for the claim. The story says officials are hiding the information from the public.,technology,2025-09-10,0
an internet report claims a secret cure,An internet report claims a secret cure. The article encourages readers to believe the information without providing reliable evidence. No independent organization has confirmed the claim. The article asks readers to share the information immediately.,sports,2025-11-13,0
New report: scientists reported a research project,Scientists reported a research project. The company said more details would be provided after the review. The report included data collected over several months. Officials encouraged the public to use information from reliable sources.,transport,2025-05-07,1
New report: health officials examined an annual report,Health officials examined an annual report. The announcement included information about the project and its expected implementation. Officials encouraged the public to use information from reliable sources. The organization said the program would be implemented in phases.,health,2025-12-28,1
Kolkata: transport authorities reviewed a new policy proposal,Transport authorities reviewed a new policy proposal. The findings were presented during a public meeting. The study examined available evidence and identified several areas for further research. Researchers said additional studies are needed to understand the long-term effects.,space,2025-11-21,1
an unverified article supposedly proves a miraculous discovery,An unverified article supposedly proves a miraculous discovery. The article asks readers to share the information immediately. The report provides no verifiable evidence for the claim. The information has circulated widely on social media.,education,2025-12-23,0
VIRAL: a social media message is said to reveal a hidden technology,A social media message is said to reveal a hidden technology. The article encourages readers to believe the information without providing reliable evidence. The story says officials are hiding the information from the public. The article asks readers to share the information immediately.,education,2025-02-19,0
URGENT: a revolutionary invention reportedly discovered,A mysterious source claims a revolutionary invention. The information has circulated widely on social media. The story contains sensational statements without supporting evidence. The claim has not been independently verified.,government,2025-02-18,0
Pune authorities reviewed a new policy proposal,Transport authorities reviewed a new policy proposal. The announcement included information about the project and its expected implementation. The announcement included information about the project and its expected implementation. The proposal will be considered by the relevant authorities.,technology,2025-07-15,1
New Delhi authorities confirmed a new development program,Local authorities confirmed a new development program. The proposal will be considered by the relevant authorities. The report included data collected over several months. The company said more details would be provided after the review.,education,2025-06-14,1
Secret discovery: a miraculous discovery,A sensational website supposedly proves a miraculous discovery. The story says officials are hiding the information from the public. The report provides no verifiable evidence for the claim. The claim has not been independently verified.,government,2025-10-19,0
Hyderabad: health officials examined a new policy proposal,Health officials examined a new policy proposal. Officials encouraged the public to use information from reliable sources. The report included data collected over several months. The company said more details would be provided after the review.,business,2025-10-28,1
an internet report reportedly reveals a secret cure,An internet report reportedly reveals a secret cure. The report uses anonymous sources without identifying them. The article encourages readers to believe the information without providing reliable evidence. The source does not provide reliable documents or research.,technology,2025-06-27,0
URGENT: an unbelievable breakthrough reportedly discovered,An unverified article alleges an unbelievable breakthrough. The story says officials are hiding the information from the public. The article asks readers to share the information immediately. The claim has not been independently verified.,education,2025-08-17,0
Secret discovery: a secret cure,A social media message claims a secret cure. The story says officials are hiding the information from the public. The source does not provide reliable documents or research. The report uses anonymous sources without identifying them.,transport,2025-01-11,0
New report: government officials reported updated public guidance,Government officials reported updated public guidance. The study examined available evidence and identified several areas for further research. The report included data collected over several months. Researchers said additional studies are needed to understand the long-term effects.,business,2025-08-08,1
industry analysts presented the results of a study,Industry analysts presented the results of a study. The company said more details would be provided after the review. Officials said the measure would be reviewed periodically. The company said more details would be provided after the review.,business,2025-05-03,1
URGENT: a hidden international agreement reportedly discovered,An online claim claims a hidden international agreement. The source does not provide reliable documents or research. The story says officials are hiding the information from the public. The information has circulated widely on social media.,space,2025-07-25,0
a mysterious source secretly announces a miraculous discovery,A mysterious source secretly announces a miraculous discovery. The article encourages readers to believe the information without providing reliable evidence. The article encourages readers to believe the information without providing reliable evidence. The article encourages readers to believe the information without providing reliable evidence.,environment,2025-06-01,0
Secret discovery: a hidden international agreement,An unverified report mysteriously claims a hidden international agreement. The claim has not been independently verified. The source does not provide reliable documents or research. The story contains sensational statements without supporting evidence.,transport,2025-09-08,0
New report: university researchers reviewed a new research report,University researchers reviewed a new research report. The proposal will be considered by the relevant authorities. Officials said the measure would be reviewed periodically. The company said more details would be provided after the review.,science,2025-02-18,1
industry analysts introduced updated safety measures,Industry analysts introduced updated safety measures. Researchers said additional studies are needed to understand the long-term effects. Researchers said additional studies are needed to understand the long-term effects. The announcement included information about the project and its expected implementation.,science,2025-02-27,1
VIRAL: a mysterious source secretly announces a hidden technology,A mysterious source secretly announces a hidden technology. The source does not provide reliable documents or research. The story contains sensational statements without supporting evidence. The story says officials are hiding the information from the public.,technology,2025-07-18,0
Hyderabad authorities reviewed updated safety measures,Company representatives reviewed updated safety measures. The announcement included information about the project and its expected implementation. The findings were presented during a public meeting. The findings were presented during a public meeting.,business,2025-06-27,1
BREAKING: a mysterious source secretly announces a miraculous discovery,A mysterious source secretly announces a miraculous discovery. The information has circulated widely on social media. The story contains sensational statements without supporting evidence. The information has circulated widely on social media.,environment,2025-08-28,0
Hyderabad: local authorities examined a new policy proposal,Local authorities examined a new policy proposal. Officials said the measure would be reviewed periodically. The findings were presented during a public meeting. Officials encouraged the public to use information from reliable sources.,environment,2025-03-09,1
New Delhi authorities reported updated public guidance,Company representatives reported updated public guidance. Researchers said additional studies are needed to understand the long-term effects. The report included data collected over several months. The study examined available evidence and identified several areas for further research.,sports,2025-04-03,1
government officials presented updated information on updated safety measures,Government officials presented updated safety measures. The proposal will be considered by the relevant authorities. Officials encouraged the public to use information from reliable sources. Researchers said additional studies are needed to understand the long-term effects.,technology,2025-08-04,1
local authorities published updated information on a public transport plan,Local authorities published a public transport plan. Officials encouraged the public to use information from reliable sources. The report included data collected over several months. Researchers said additional studies are needed to understand the long-term effects.,science,2025-01-07,1
SHOCKING: a miraculous discovery claims by an internet report,An internet report claims a miraculous discovery. No independent organization has confirmed the claim. The information has circulated widely on social media. The story says officials are hiding the information from the public.,science,2025-09-27,0
SHOCKING: a hidden technology reportedly reveals by an online claim,An online claim reportedly reveals a hidden technology. No independent organization has confirmed the claim. The article asks readers to share the information immediately. The report provides no verifiable evidence for the claim.,environment,2025-02-22,0
health officials confirmed updated information on updated safety measures,Health officials confirmed updated safety measures. The report included data collected over several months. The proposal will be considered by the relevant authorities. The findings were presented during a public meeting.,health,2025-08-03,1
BREAKING: a social media message mysteriously claims a hidden international agreement,A social media message mysteriously claims a hidden international agreement. The report uses anonymous sources without identifying them. The story says officials are hiding the information from the public. The story contains sensational statements without supporting evidence.,education,2025-06-04,0
scientists presented updated information on updated safety measures,Scientists presented updated safety measures. The findings were presented during a public meeting. The organization said the program would be implemented in phases. The proposal will be considered by the relevant authorities.,government,2025-03-15,1
BREAKING: a mysterious source apparently confirms a revolutionary invention,A mysterious source apparently confirms a revolutionary invention. No independent organization has confirmed the claim. The source does not provide reliable documents or research. The story contains sensational statements without supporting evidence.,government,2025-11-11,0
New report: health officials reviewed a research project,Health officials reviewed a research project. The proposal will be considered by the relevant authorities. The company said more details would be provided after the review. The announcement included information about the project and its expected implementation.,space,2025-12-04,1
Pune authorities introduced a new research report,Transport authorities introduced a new research report. Researchers said additional studies are needed to understand the long-term effects. The announcement included information about the project and its expected implementation. The report included data collected over several months.,space,2025-09-28,1
an internet report claims a revolutionary invention,An internet report claims a revolutionary invention. The story contains sensational statements without supporting evidence. The information has circulated widely on social media. The story says officials are hiding the information from the public.,technology,2025-01-01,0
Secret discovery: a revolutionary invention,An internet report alleges a revolutionary invention. The claim has not been independently verified. The article encourages readers to believe the information without providing reliable evidence. No independent organization has confirmed the claim.,health,2025-06-25,0
New report: university researchers released a new policy proposal,University researchers released a new policy proposal. Officials encouraged the public to use information from reliable sources. The announcement included information about the project and its expected implementation. The company said more details would be provided after the review.,sports,2025-07-03,1
a mysterious source apparently confirms a hidden international agreement,A mysterious source apparently confirms a hidden international agreement. The report provides no verifiable evidence for the claim. The claim has not been independently verified. The article asks readers to share the information immediately.,technology,2025-05-23,0
VIRAL: a mysterious source secretly announces a hidden international agreement,A mysterious source secretly announces a hidden international agreement. The story contains sensational statements without supporting evidence. The story says officials are hiding the information from the public. The information has circulated widely on social media.,government,2025-07-01,0
researchers reported updated public guidance,Researchers reported updated public guidance. The report included data collected over several months. The organization said the program would be implemented in phases. Researchers said additional studies are needed to understand the long-term effects.,health,2025-12-17,1
industry analysts examined updated public guidance,Industry analysts examined updated public guidance. Researchers said additional studies are needed to understand the long-term effects. Officials said the measure would be reviewed periodically. Researchers said additional studies are needed to understand the long-term effects.,business,2025-10-21,1
the country: researchers confirmed the results of a study,Researchers confirmed the results of a study. Officials encouraged the public to use information from reliable sources. The organization said the program would be implemented in phases. The findings were presented during a public meeting.,environment,2025-08-24,1
university researchers examined a new research report,University researchers examined a new research report. The announcement included information about the project and its expected implementation. Researchers said additional studies are needed to understand the long-term effects. Officials encouraged the public to use information from reliable sources.,transport,2025-07-22,1
SHOCKING: an unbelievable breakthrough reportedly reveals by a sensational website,A sensational website reportedly reveals an unbelievable breakthrough. The report uses anonymous sources without identifying them. The story says officials are hiding the information from the public. The article asks readers to share the information immediately.,sports,2025-07-21,0
URGENT: a miraculous discovery reportedly discovered,An internet report supposedly proves a miraculous discovery. The story says officials are hiding the information from the public. The source does not provide reliable documents or research. The information has circulated widely on social media.,transport,2025-08-22,0
New report: company representatives introduced a new policy proposal,Company representatives introduced a new policy proposal. The proposal will be considered by the relevant authorities. The company said more details would be provided after the review. The proposal will be considered by the relevant authorities.,environment,2025-01-25,1
SHOCKING: a secret cure secretly announces by an unverified article,An unverified article secretly announces a secret cure. The story says officials are hiding the information from the public. The claim has not been independently verified. The story says officials are hiding the information from the public.,space,2025-09-07,0
health officials presented updated information on updated public guidance,Health officials presented updated public guidance. The report included data collected over several months. The study examined available evidence and identified several areas for further research. Officials said the measure would be reviewed periodically.,business,2025-10-15,1
SHOCKING: a hidden technology supposedly proves by a viral video,A viral video supposedly proves a hidden technology. The article encourages readers to believe the information without providing reliable evidence. The source does not provide reliable documents or research. The report provides no verifiable evidence for the claim.,business,2025-08-23,0
university researchers examined updated information on a technology update,University researchers examined a technology update. The announcement included information about the project and its expected implementation. The study examined available evidence and identified several areas for further research. The announcement included information about the project and its expected implementation.,business,2025-08-21,1
Secret discovery: a miraculous discovery,An online claim mysteriously claims a miraculous discovery. The report provides no verifiable evidence for the claim. No independent organization has confirmed the claim. The story contains sensational statements without supporting evidence.,transport,2025-10-15,0
Secret discovery: a miraculous discovery,A sensational website mysteriously claims a miraculous discovery. The story says officials are hiding the information from the public. The report provides no verifiable evidence for the claim. No independent organization has confirmed the claim.,transport,2025-02-05,0
BREAKING: a mysterious source is said to reveal a hidden international agreement,A mysterious source is said to reveal a hidden international agreement. The report provides no verifiable evidence for the claim. The source does not provide reliable documents or research. No independent organization has confirmed the claim.,sports,2025-08-27,0
Mumbai: scientists examined an annual report,Scientists examined an annual report. Researchers said additional studies are needed to understand the long-term effects. The company said more details would be provided after the review. The organization said the program would be implemented in phases.,environment,2025-05-21,1
government officials released updated information on a new research report,Government officials released a new research report. Researchers said additional studies are needed to understand the long-term effects. The report included data collected over several months. The proposal will be considered by the relevant authorities.,space,2025-04-03,1
New report: transport authorities introduced a new development program,Transport authorities introduced a new development program. The company said more details would be provided after the review. The company said more details would be provided after the review. The proposal will be considered by the relevant authorities.,government,2025-05-23,1
Secret discovery: a secret government plan,A sensational website secretly announces a secret government plan. No independent organization has confirmed the claim. The information has circulated widely on social media. The story contains sensational statements without supporting evidence.,education,2025-02-25,0
researchers introduced updated information on a new research report,Researchers introduced a new research report. The organization said the program would be implemented in phases. The findings were presented during a public meeting. The proposal will be considered by the relevant authorities.,education,2025-05-20,1
BREAKING: a viral post mysteriously claims a miraculous discovery,A viral post mysteriously claims a miraculous discovery. The story contains sensational statements without supporting evidence. The story contains sensational statements without supporting evidence. The information has circulated widely on social media.,environment,2025-02-28,0
an internet report secretly announces a secret cure,An internet report secretly announces a secret cure. The report uses anonymous sources without identifying them. The report uses anonymous sources without identifying them. The report provides no verifiable evidence for the claim.,health,2025-08-05,0
BREAKING: an online claim claims a hidden technology,An online claim claims a hidden technology. No independent organization has confirmed the claim. The story contains sensational statements without supporting evidence. The story contains sensational statements without supporting evidence.,environment,2025-10-02,0
SHOCKING: a completely unknown city supposedly proves by a mysterious source,A mysterious source supposedly proves a completely unknown city. The source does not provide reliable documents or research. The report uses anonymous sources without identifying them. The article asks readers to share the information immediately.,health,2025-09-27,0
Kolkata: education officials examined a technology update,Education officials examined a technology update. Researchers said additional studies are needed to understand the long-term effects. Officials encouraged the public to use information from reliable sources. Researchers said additional studies are needed to understand the long-term effects.,transport,2025-12-15,1
company representatives published updated information on a new development program,Company representatives published a new development program. The findings were presented during a public meeting. Researchers said additional studies are needed to understand the long-term effects. Officials encouraged the public to use information from reliable sources.,sports,2025-03-18,1
Delhi authorities approved a new development program,Scientists approved a new development program. Officials encouraged the public to use information from reliable sources. The findings were presented during a public meeting. The proposal will be considered by the relevant authorities.,business,2025-03-28,1
BREAKING: a mysterious source claims a completely unknown city,A mysterious source claims a completely unknown city. The article asks readers to share the information immediately. The article encourages readers to believe the information without providing reliable evidence. The article encourages readers to believe the information without providing reliable evidence.,health,2025-03-21,0
an unverified report secretly announces a hidden technology,An unverified report secretly announces a hidden technology. The article asks readers to share the information immediately. The story contains sensational statements without supporting evidence. The report provides no verifiable evidence for the claim.,government,2025-03-19,0
Secret discovery: a completely unknown city,An anonymous source supposedly proves a completely unknown city. The story contains sensational statements without supporting evidence. No independent organization has confirmed the claim. The information has circulated widely on social media.,space,2025-03-06,0
BREAKING: a sensational website alleges a mysterious experiment,A sensational website alleges a mysterious experiment. The article asks readers to share the information immediately. The story says officials are hiding the information from the public. The report provides no verifiable evidence for the claim.,government,2025-04-05,0
Hyderabad authorities announced a public transport plan,Industry analysts announced a public transport plan. Officials encouraged the public to use information from reliable sources. The organization said the program would be implemented in phases. The organization said the program would be implemented in phases.,science,2025-05-23,1
an unverified report secretly announces a hidden technology,An unverified report secretly announces a hidden technology. The claim has not been independently verified. The article asks readers to share the information immediately. The information has circulated widely on social media.,health,2025-11-19,0
an online claim alleges a mysterious experiment,An online claim alleges a mysterious experiment. No independent organization has confirmed the claim. The story contains sensational statements without supporting evidence. The story contains sensational statements without supporting evidence.,environment,2025-01-19,0
Bengaluru: university researchers introduced a technology update,University researchers introduced a technology update. Researchers said additional studies are needed to understand the long-term effects. The proposal will be considered by the relevant authorities. The report included data collected over several months.,government,2025-04-24,1
Pune authorities presented a new development program,Company representatives presented a new development program. The organization said the program would be implemented in phases. The report included data collected over several months. Officials said the measure would be reviewed periodically.,space,2025-09-10,1
URGENT: a revolutionary invention reportedly discovered,An internet report supposedly proves a revolutionary invention. The article asks readers to share the information immediately. The report provides no verifiable evidence for the claim. The article encourages readers to believe the information without providing reliable evidence.,sports,2025-10-08,0
BREAKING: a sensational website claims a shocking scientific discovery,A sensational website claims a shocking scientific discovery. The source does not provide reliable documents or research. The claim has not been independently verified. The report provides no verifiable evidence for the claim.,business,2025-09-19,0
New report: company representatives released a technology update,Company representatives released a technology update. Officials encouraged the public to use information from reliable sources. The organization said the program would be implemented in phases. The report included data collected over several months.,space,2025-05-11,1
Secret discovery: an unbelievable breakthrough,A sensational website supposedly proves an unbelievable breakthrough. No independent organization has confirmed the claim. The information has circulated widely on social media. The story says officials are hiding the information from the public.,space,2025-04-21,0
Bengaluru: industry analysts confirmed a public transport plan,Industry analysts confirmed a public transport plan. The proposal will be considered by the relevant authorities. The study examined available evidence and identified several areas for further research. The report included data collected over several months.,health,2025-01-09,1
Kolkata: transport authorities approved an annual report,Transport authorities approved an annual report. The announcement included information about the project and its expected implementation. The proposal will be considered by the relevant authorities. The announcement included information about the project and its expected implementation.,government,2025-01-05,1
BREAKING: a social media message secretly announces a hidden technology,A social media message secretly announces a hidden technology. The source does not provide reliable documents or research. The article encourages readers to believe the information without providing reliable evidence. The story contains sensational statements without supporting evidence.,space,2025-08-02,0
New report: local authorities confirmed updated safety measures,Local authorities confirmed updated safety measures. The announcement included information about the project and its expected implementation. The proposal will be considered by the relevant authorities. The organization said the program would be implemented in phases.,environment,2025-09-14,1
an online claim claims a secret cure,An online claim claims a secret cure. The information has circulated widely on social media. The information has circulated widely on social media. The claim has not been independently verified.,space,2025-10-08,0
New report: government officials published a technology update,Government officials published a technology update. The announcement included information about the project and its expected implementation. The company said more details would be provided after the review. The findings were presented during a public meeting.,education,2025-07-11,1
New Delhi authorities examined updated public guidance,Health officials examined updated public guidance. The organization said the program would be implemented in phases. Researchers said additional studies are needed to understand the long-term effects. The findings were presented during a public meeting.,education,2025-08-14,1
SHOCKING: a shocking scientific discovery alleges by a viral post,A viral post alleges a shocking scientific discovery. The report uses anonymous sources without identifying them. The article asks readers to share the information immediately. The report provides no verifiable evidence for the claim.,education,2025-07-11,0
SHOCKING: a mysterious experiment reportedly reveals by a mysterious source,A mysterious source reportedly reveals a mysterious experiment. The article encourages readers to believe the information without providing reliable evidence. The claim has not been independently verified. The report provides no verifiable evidence for the claim.,environment,2025-10-19,0
an online claim claims a secret government plan,An online claim claims a secret government plan. The report provides no verifiable evidence for the claim. The story contains sensational statements without supporting evidence. The report provides no verifiable evidence for the claim.,environment,2025-02-07,0
BREAKING: a mysterious source is said to reveal an unbelievable breakthrough,A mysterious source is said to reveal an unbelievable breakthrough. The story contains sensational statements without supporting evidence. The story says officials are hiding the information from the public. The story contains sensational statements without supporting evidence.,technology,2025-09-22,0
VIRAL: a sensational website alleges a mysterious experiment,A sensational website alleges a mysterious experiment. The report uses anonymous sources without identifying them. The report provides no verifiable evidence for the claim. The information has circulated widely on social media.,health,2025-04-20,0
Secret discovery: an unbelievable breakthrough,A viral post apparently confirms an unbelievable breakthrough. The report provides no verifiable evidence for the claim. No independent organization has confirmed the claim. The report provides no verifiable evidence for the claim.,environment,2025-08-08,0
researchers presented updated information on a new policy proposal,Researchers presented a new policy proposal. Researchers said additional studies are needed to understand the long-term effects. The proposal will be considered by the relevant authorities. The report included data collected over several months.,education,2025-12-16,1
university researchers approved updated information on a research project,University researchers approved a research project. Officials said the measure would be reviewed periodically. Officials encouraged the public to use information from reliable sources. The report included data collected over several months.,health,2025-06-18,1
Hyderabad authorities published a new research report,Local authorities published a new research report. Officials encouraged the public to use information from reliable sources. The report included data collected over several months. The report included data collected over several months.,education,2025-12-06,1
local authorities examined updated information on a new development program,Local authorities examined a new development program. The proposal will be considered by the relevant authorities. The announcement included information about the project and its expected implementation. The organization said the program would be implemented in phases.,technology,2025-07-10,1
transport authorities confirmed updated safety measures,Transport authorities confirmed updated safety measures. Researchers said additional studies are needed to understand the long-term effects. Officials encouraged the public to use information from reliable sources. Researchers said additional studies are needed to understand the long-term effects.,education,2025-10-23,1
VIRAL: a viral post mysteriously claims a revolutionary invention,A viral post mysteriously claims a revolutionary invention. The article encourages readers to believe the information without providing reliable evidence. The report provides no verifiable evidence for the claim. The article encourages readers to believe the information without providing reliable evidence.,government,2025-11-04,0
industry analysts announced a research project,Industry analysts announced a research project. The announcement included information about the project and its expected implementation. The findings were presented during a public meeting. Officials said the measure would be reviewed periodically.,education,2025-01-12,1
Chennai authorities released a new research report,Government officials released a new research report. The study examined available evidence and identified several areas for further research. Researchers said additional studies are needed to understand the long-term effects. Officials said the measure would be reviewed periodically.,government,2025-06-12,1
URGENT: a hidden international agreement reportedly discovered,A viral post mysteriously claims a hidden international agreement. The story contains sensational statements without supporting evidence. The report provides no verifiable evidence for the claim. The claim has not been independently verified.,environment,2025-04-26,0
New report: government officials released a public transport plan,Government officials released a public transport plan. The announcement included information about the project and its expected implementation. The study examined available evidence and identified several areas for further research. The report included data collected over several months.,science,2025-04-08,1
an unverified article alleges a secret government plan,An unverified article alleges a secret government plan. The information has circulated widely on social media. No independent organization has confirmed the claim. The information has circulated widely on social media.,space,2025-12-04,0
an unverified report secretly announces a mysterious experiment,An unverified report secretly announces a mysterious experiment. The information has circulated widely on social media. The report uses anonymous sources without identifying them. The article encourages readers to believe the information without providing reliable evidence.,space,2025-03-12,0
Pune authorities published a new policy proposal,Scientists published a new policy proposal. The announcement included information about the project and its expected implementation. The organization said the program would be implemented in phases. Researchers said additional studies are needed to understand the long-term effects.,sports,2025-01-05,1
New Delhi: industry analysts reported the results of a study,Industry analysts reported the results of a study. The proposal will be considered by the relevant authorities. The announcement included information about the project and its expected implementation. The organization said the program would be implemented in phases.,science,2025-03-14,1
VIRAL: an unverified report alleges a revolutionary invention,An unverified report alleges a revolutionary invention. The story contains sensational statements without supporting evidence. The information has circulated widely on social media. The source does not provide reliable documents or research.,environment,2025-11-16,0
Secret discovery: a revolutionary invention,A mysterious source supposedly proves a revolutionary invention. The article encourages readers to believe the information without providing reliable evidence. The article asks readers to share the information immediately. The story contains sensational statements without supporting evidence.,technology,2025-10-22,0
VIRAL: a social media message reportedly reveals a miraculous discovery,A social media message reportedly reveals a miraculous discovery. The article encourages readers to believe the information without providing reliable evidence. No independent organization has confirmed the claim. No independent organization has confirmed the claim.,government,2025-11-17,0
India authorities confirmed updated safety measures,Researchers confirmed updated safety measures. The organization said the program would be implemented in phases. The announcement included information about the project and its expected implementation. The company said more details would be provided after the review.,transport,2025-01-12,1
BREAKING: an internet report supposedly proves a secret cure,An internet report supposedly proves a secret cure. The story says officials are hiding the information from the public. The story contains sensational statements without supporting evidence. The source does not provide reliable documents or research.,education,2025-08-20,0
New report: government officials approved an annual report,Government officials approved an annual report. Officials said the measure would be reviewed periodically. The findings were presented during a public meeting. The study examined available evidence and identified several areas for further research.,sports,2025-12-03,1
Mumbai authorities released a technology update,University researchers released a technology update. Officials said the measure would be reviewed periodically. The study examined available evidence and identified several areas for further research. The company said more details would be provided after the review.,science,2025-03-07,1
URGENT: a miraculous discovery reportedly discovered,An internet report mysteriously claims a miraculous discovery. The article encourages readers to believe the information without providing reliable evidence. The information has circulated widely on social media. The source does not provide reliable documents or research.,government,2025-12-12,0
a viral post alleges a shocking scientific discovery,A viral post alleges a shocking scientific discovery. The claim has not been independently verified. The article asks readers to share the information immediately. The report provides no verifiable evidence for the claim.,health,2025-10-22,0
transport authorities introduced updated information on an annual report,Transport authorities introduced an annual report. The report included data collected over several months. The findings were presented during a public meeting. The announcement included information about the project and its expected implementation.,health,2025-01-01,1
Bengaluru: health officials published updated safety measures,Health officials published updated safety measures. The report included data collected over several months. The organization said the program would be implemented in phases. Officials encouraged the public to use information from reliable sources.,technology,2025-08-02,1
VIRAL: a social media message is said to reveal an unbelievable breakthrough,A social media message is said to reveal an unbelievable breakthrough. The story says officials are hiding the information from the public. The report provides no verifiable evidence for the claim. The article asks readers to share the information immediately.,health,2025-10-02,0
New report: university researchers announced a new research report,University researchers announced a new research report. The company said more details would be provided after the review. The organization said the program would be implemented in phases. The proposal will be considered by the relevant authorities.,business,2025-11-07,1
SHOCKING: a miraculous discovery claims by an online claim,An online claim claims a miraculous discovery. The article asks readers to share the information immediately. The article encourages readers to believe the information without providing reliable evidence. The report provides no verifiable evidence for the claim.,health,2025-11-05,0
an anonymous source supposedly proves a completely unknown city,An anonymous source supposedly proves a completely unknown city. The story says officials are hiding the information from the public. The report provides no verifiable evidence for the claim. No independent organization has confirmed the claim.,environment,2025-11-26,0
Secret discovery: a mysterious experiment,A viral post reportedly reveals a mysterious experiment. The information has circulated widely on social media. The article asks readers to share the information immediately. The story says officials are hiding the information from the public.,health,2025-11-26,0
a sensational website alleges a shocking scientific discovery,A sensational website alleges a shocking scientific discovery. The report uses anonymous sources without identifying them. The story contains sensational statements without supporting evidence. The article asks readers to share the information immediately.,business,2025-06-07,0
Mumbai: university researchers examined a new policy proposal,University researchers examined a new policy proposal. The report included data collected over several months. The organization said the program would be implemented in phases. The report included data collected over several months.,space,2025-04-24,1
URGENT: a secret cure reportedly discovered,A social media message alleges a secret cure. The information has circulated widely on social media. The report uses anonymous sources without identifying them. The information has circulated widely on social media.,business,2025-03-16,0
New report: university researchers released a new research report,University researchers released a new research report. Officials said the measure would be reviewed periodically. The announcement included information about the project and its expected implementation. Researchers said additional studies are needed to understand the long-term effects.,environment,2025-11-26,1
New report: education officials released a new research report,Education officials released a new research report. Officials encouraged the public to use information from reliable sources. The report included data collected over several months. The proposal will be considered by the relevant authorities.,government,2025-09-25,1
VIRAL: an internet report reportedly reveals a mysterious experiment,An internet report reportedly reveals a mysterious experiment. No independent organization has confirmed the claim. The report uses anonymous sources without identifying them. The information has circulated widely on social media.,sports,2025-04-18,0
the country authorities reported a public transport plan,Company representatives reported a public transport plan. The report included data collected over several months. Officials said the measure would be reviewed periodically. The proposal will be considered by the relevant authorities.,government,2025-09-28,1
transport authorities confirmed updated public guidance,Transport authorities confirmed updated public guidance. Officials said the measure would be reviewed periodically. The study examined available evidence and identified several areas for further research. Researchers said additional studies are needed to understand the long-term effects.,health,2025-07-02,1
transport authorities examined updated information on a technology update,Transport authorities examined a technology update. The proposal will be considered by the relevant authorities. The announcement included information about the project and its expected implementation. The report included data collected over several months.,health,2025-05-05,1
VIRAL: a social media message mysteriously claims a secret government plan,A social media message mysteriously claims a secret government plan. The source does not provide reliable documents or research. No independent organization has confirmed the claim. The article asks readers to share the information immediately.,business,2025-07-22,0
SHOCKING: a shocking scientific discovery supposedly proves by an anonymous source,An anonymous source supposedly proves a shocking scientific discovery. The claim has not been independently verified. The information has circulated widely on social media. The story contains sensational statements without supporting evidence.,business,2025-08-26,0
New report: local authorities announced the results of a study,Local authorities announced the results of a study. The proposal will be considered by the relevant authorities. Officials encouraged the public to use information from reliable sources. The study examined available evidence and identified several areas for further research.,business,2025-01-13,1
BREAKING: an unverified report alleges an unbelievable breakthrough,An unverified report alleges an unbelievable breakthrough. The story says officials are hiding the information from the public. The story contains sensational statements without supporting evidence. The claim has not been independently verified.,technology,2025-05-26,0
education officials examined updated information on a public transport plan,Education officials examined a public transport plan. The organization said the program would be implemented in phases. Officials said the measure would be reviewed periodically. Officials said the measure would be reviewed periodically.,transport,2025-07-16,1
Chennai authorities released an annual report,Industry analysts released an annual report. The proposal will be considered by the relevant authorities. Researchers said additional studies are needed to understand the long-term effects. The proposal will be considered by the relevant authorities.,health,2025-03-17,1
VIRAL: an online claim apparently confirms a mysterious experiment,An online claim apparently confirms a mysterious experiment. The report provides no verifiable evidence for the claim. The article encourages readers to believe the information without providing reliable evidence. The report uses anonymous sources without identifying them.,science,2025-04-19,0
Pune: local authorities reported a new research report,Local authorities reported a new research report. The company said more details would be provided after the review. The study examined available evidence and identified several areas for further research. The report included data collected over several months.,transport,2025-05-21,1
URGENT: a mysterious experiment reportedly discovered,A viral post supposedly proves a mysterious experiment. The source does not provide reliable documents or research. No independent organization has confirmed the claim. The source does not provide reliable documents or research.,sports,2025-01-05,0
SHOCKING: a miraculous discovery supposedly proves by a social media message,A social media message supposedly proves a miraculous discovery. The source does not provide reliable documents or research. No independent organization has confirmed the claim. The story contains sensational statements without supporting evidence.,health,2025-05-01,0
local authorities confirmed updated information on a new policy proposal,Local authorities confirmed a new policy proposal. The report included data collected over several months. Officials encouraged the public to use information from reliable sources. Researchers said additional studies are needed to understand the long-term effects.,government,2025-03-07,1
a sensational website secretly announces an unbelievable breakthrough,A sensational website secretly announces an unbelievable breakthrough. The report provides no verifiable evidence for the claim. The report provides no verifiable evidence for the claim. The source does not provide reliable documents or research.,transport,2025-10-27,0
health officials released updated information on updated public guidance,Health officials released updated public guidance. The announcement included information about the project and its expected implementation. The report included data collected over several months. The announcement included information about the project and its expected implementation.,science,2025-08-27,1
Delhi: health officials reported a public transport plan,Health officials reported a public transport plan. Officials encouraged the public to use information from reliable sources. The company said more details would be provided after the review. Officials encouraged the public to use information from reliable sources.,space,2025-12-18,1
New report: scientists introduced an annual report,Scientists introduced an annual report. Officials encouraged the public to use information from reliable sources. Officials said the measure would be reviewed periodically. The company said more details would be provided after the review.,science,2025-03-21,1
transport authorities reported a new development program,Transport authorities reported a new development program. Researchers said additional studies are needed to understand the long-term effects. The organization said the program would be implemented in phases. The proposal will be considered by the relevant authorities.,health,2025-01-20,1
VIRAL: an online claim apparently confirms a miraculous discovery,An online claim apparently confirms a miraculous discovery. The report provides no verifiable evidence for the claim. The information has circulated widely on social media. The story contains sensational statements without supporting evidence.,sports,2025-05-01,0
an online claim is said to reveal a hidden international agreement,An online claim is said to reveal a hidden international agreement. The story says officials are hiding the information from the public. The information has circulated widely on social media. The story says officials are hiding the information from the public.,environment,2025-10-27,0
VIRAL: an online claim alleges a secret government plan,An online claim alleges a secret government plan. The source does not provide reliable documents or research. The report uses anonymous sources without identifying them. The report uses anonymous sources without identifying them.,transport,2025-06-06,0
university researchers published a new development program,University researchers published a new development program. The proposal will be considered by the relevant authorities. The findings were presented during a public meeting. The announcement included information about the project and its expected implementation.,technology,2025-11-19,1
Bengaluru authorities presented a new research report,Education officials presented a new research report. The study examined available evidence and identified several areas for further research. The report included data collected over several months. The proposal will be considered by the relevant authorities.,space,2025-03-13,1
scientists introduced updated information on a public transport plan,Scientists introduced a public transport plan. The findings were presented during a public meeting. The proposal will be considered by the relevant authorities. The study examined available evidence and identified several areas for further research.,environment,2025-07-15,1
industry analysts examined updated information on a technology update,Industry analysts examined a technology update. Officials encouraged the public to use information from reliable sources. Officials said the measure would be reviewed periodically. The announcement included information about the project and its expected implementation.,business,2025-01-20,1
Kolkata authorities released a public transport plan,University researchers released a public transport plan. The study examined available evidence and identified several areas for further research. The announcement included information about the project and its expected implementation. The announcement included information about the project and its expected implementation.,transport,2025-10-10,1
Delhi: government officials introduced a research project,Government officials introduced a research project. The company said more details would be provided after the review. The study examined available evidence and identified several areas for further research. Officials said the measure would be reviewed periodically.,business,2025-01-24,1
Secret discovery: a shocking scientific discovery,A social media message supposedly proves a shocking scientific discovery. The story contains sensational statements without supporting evidence. The story says officials are hiding the information from the public. The article encourages readers to believe the information without providing reliable evidence.,government,2025-10-17,0
Secret discovery: a revolutionary invention,An internet report secretly announces a revolutionary invention. The story says officials are hiding the information from the public. No independent organization has confirmed the claim. The claim has not been independently verified.,sports,2025-10-24,0
URGENT: a hidden international agreement reportedly discovered,A social media message is said to reveal a hidden international agreement. The claim has not been independently verified. No independent organization has confirmed the claim. No independent organization has confirmed the claim.,sports,2025-01-04,0
New report: researchers presented a public transport plan,Researchers presented a public transport plan. The organization said the program would be implemented in phases. The proposal will be considered by the relevant authorities. The proposal will be considered by the relevant authorities.,government,2025-03-24,1
industry analysts published updated information on a new policy proposal,Industry analysts published a new policy proposal. Officials said the measure would be reviewed periodically. The proposal will be considered by the relevant authorities. The organization said the program would be implemented in phases.,sports,2025-04-23,1
Hyderabad: health officials released an annual report,Health officials released an annual report. The study examined available evidence and identified several areas for further research. Researchers said additional studies are needed to understand the long-term effects. The study examined available evidence and identified several areas for further research.,education,2025-03-07,1
government officials reviewed updated information on a new research report,Government officials reviewed a new research report. The proposal will be considered by the relevant authorities. Officials said the measure would be reviewed periodically. The company said more details would be provided after the review.,environment,2025-04-28,1
company representatives reviewed updated information on a public transport plan,Company representatives reviewed a public transport plan. The study examined available evidence and identified several areas for further research. The company said more details would be provided after the review. Researchers said additional studies are needed to understand the long-term effects.,education,2025-01-22,1
Secret discovery: a hidden international agreement,A viral post mysteriously claims a hidden international agreement. The report provides no verifiable evidence for the claim. No independent organization has confirmed the claim. The source does not provide reliable documents or research.,transport,2025-07-10,0
BREAKING: a mysterious source supposedly proves a hidden international agreement,A mysterious source supposedly proves a hidden international agreement. The source does not provide reliable documents or research. The article encourages readers to believe the information without providing reliable evidence. The story says officials are hiding the information from the public.,transport,2025-08-17,0
health officials introduced a new development program,Health officials introduced a new development program. The announcement included information about the project and its expected implementation. The report included data collected over several months. The company said more details would be provided after the review.,transport,2025-08-08,1
New Delhi authorities presented a technology update,Industry analysts presented a technology update. Officials encouraged the public to use information from reliable sources. The report included data collected over several months. The company said more details would be provided after the review.,transport,2025-11-16,1
New report: education officials presented a new development program,Education officials presented a new development program. The proposal will be considered by the relevant authorities. The report included data collected over several months. The organization said the program would be implemented in phases.,technology,2025-02-03,1
India authorities introduced updated public guidance,Researchers introduced updated public guidance. Researchers said additional studies are needed to understand the long-term effects. Researchers said additional studies are needed to understand the long-term effects. The proposal will be considered by the relevant authorities.,space,2025-06-20,1
SHOCKING: a shocking scientific discovery supposedly proves by a viral post,A viral post supposedly proves a shocking scientific discovery. The report uses anonymous sources without identifying them. The source does not provide reliable documents or research. The story contains sensational statements without supporting evidence.,education,2025-10-24,0
researchers introduced updated information on updated public guidance,Researchers introduced updated public guidance. The report included data collected over several months. The organization said the program would be implemented in phases. The findings were presented during a public meeting.,education,2025-12-15,1
New report: scientists examined a new policy proposal,Scientists examined a new policy proposal. The announcement included information about the project and its expected implementation. Officials said the measure would be reviewed periodically. The organization said the program would be implemented in phases.,space,2025-11-10,1
health officials presented updated information on updated public guidance,Health officials presented updated public guidance. Officials encouraged the public to use information from reliable sources. The company said more details would be provided after the review. The report included data collected over several months.,technology,2025-04-12,1
Secret discovery: a completely unknown city,An unverified report is said to reveal a completely unknown city. The article encourages readers to believe the information without providing reliable evidence. The article asks readers to share the information immediately. The information has circulated widely on social media.,education,2025-12-23,0
Mumbai authorities approved a technology update,University researchers approved a technology update. The proposal will be considered by the relevant authorities. The report included data collected over several months. The report included data collected over several months.,science,2025-01-24,1
SHOCKING: a hidden international agreement claims by a social media message,A social media message claims a hidden international agreement. The story says officials are hiding the information from the public. No independent organization has confirmed the claim. The information has circulated widely on social media.,transport,2025-09-25,0
VIRAL: an internet report reportedly reveals a secret cure,An internet report reportedly reveals a secret cure. The report uses anonymous sources without identifying them. The story says officials are hiding the information from the public. No independent organization has confirmed the claim.,sports,2025-08-03,0
Secret discovery: a secret cure,An unverified article mysteriously claims a secret cure. The report uses anonymous sources without identifying them. The claim has not been independently verified. The report provides no verifiable evidence for the claim.,sports,2025-02-08,0
an internet report reportedly reveals a hidden international agreement,An internet report reportedly reveals a hidden international agreement. The article asks readers to share the information immediately. The story says officials are hiding the information from the public. The report provides no verifiable evidence for the claim.,health,2025-01-12,0
URGENT: a secret government plan reportedly discovered,A viral post alleges a secret government plan. The story contains sensational statements without supporting evidence. The story says officials are hiding the information from the public. No independent organization has confirmed the claim.,science,2025-04-18,0
Bengaluru authorities presented a technology update,Scientists presented a technology update. The company said more details would be provided after the review. The proposal will be considered by the relevant authorities. Officials said the measure would be reviewed periodically.,environment,2025-06-20,1
BREAKING: a viral post alleges a hidden international agreement,A viral post alleges a hidden international agreement. The information has circulated widely on social media. No independent organization has confirmed the claim. The story contains sensational statements without supporting evidence.,environment,2025-06-04,0
New report: education officials presented updated safety measures,Education officials presented updated safety measures. The organization said the program would be implemented in phases. The company said more details would be provided after the review. The organization said the program would be implemented in phases.,health,2025-10-14,1
BREAKING: an unverified article alleges a revolutionary invention,An unverified article alleges a revolutionary invention. No independent organization has confirmed the claim. The information has circulated widely on social media. The article encourages readers to believe the information without providing reliable evidence.,environment,2025-11-11,0
URGENT: a hidden international agreement reportedly discovered,A mysterious source secretly announces a hidden international agreement. The report uses anonymous sources without identifying them. The report uses anonymous sources without identifying them. The source does not provide reliable documents or research.,sports,2025-07-10,0
education officials confirmed updated information on a public transport plan,Education officials confirmed a public transport plan. The announcement included information about the project and its expected implementation. The announcement included information about the project and its expected implementation. Researchers said additional studies are needed to understand the long-term effects.,transport,2025-11-05,1
BREAKING: an unverified report secretly announces a completely unknown city,An unverified report secretly announces a completely unknown city. The information has circulated widely on social media. No independent organization has confirmed the claim. The report uses anonymous sources without identifying them.,science,2025-12-11,0
New report: company representatives reported a new research report,Company representatives reported a new research report. The announcement included information about the project and its expected implementation. The study examined available evidence and identified several areas for further research. The proposal will be considered by the relevant authorities.,sports,2025-09-14,1
New Delhi authorities examined a technology update,Industry analysts examined a technology update. The announcement included information about the project and its expected implementation. The findings were presented during a public meeting. Officials said the measure would be reviewed periodically.,science,2025-08-04,1
SHOCKING: a miraculous discovery supposedly proves by an unverified article,An unverified article supposedly proves a miraculous discovery. The story says officials are hiding the information from the public. The article asks readers to share the information immediately. The information has circulated widely on social media.,transport,2025-09-18,0
VIRAL: a mysterious source secretly announces a secret government plan,A mysterious source secretly announces a secret government plan. The source does not provide reliable documents or research. The claim has not been independently verified. The claim has not been independently verified.,transport,2025-11-25,0
New report: government officials released a new development program,Government officials released a new development program. The announcement included information about the project and its expected implementation. The company said more details would be provided after the review. The study examined available evidence and identified several areas for further research.,transport,2025-06-07,1
New Delhi authorities released a new development program,University researchers released a new development program. The organization said the program would be implemented in phases. Officials said the measure would be reviewed periodically. The proposal will be considered by the relevant authorities.,space,2025-01-01,1
VIRAL: a social media message mysteriously claims a mysterious experiment,A social media message mysteriously claims a mysterious experiment. The story contains sensational statements without supporting evidence. The source does not provide reliable documents or research. The source does not provide reliable documents or research.,business,2025-09-16,0
an online claim reportedly reveals a shocking scientific discovery,An online claim reportedly reveals a shocking scientific discovery. The article asks readers to share the information immediately. The report uses anonymous sources without identifying them. No independent organization has confirmed the claim.,business,2025-05-07,0
BREAKING: a viral video claims a shocking scientific discovery,A viral video claims a shocking scientific discovery. The report uses anonymous sources without identifying them. The source does not provide reliable documents or research. The source does not provide reliable documents or research.,business,2025-02-18,0
BREAKING: an anonymous source apparently confirms a mysterious experiment,An anonymous source apparently confirms a mysterious experiment. The story says officials are hiding the information from the public. The story contains sensational statements without supporting evidence. The article encourages readers to believe the information without providing reliable evidence.,health,2025-02-05,0
Chennai authorities announced a public transport plan,Education officials announced a public transport plan. The study examined available evidence and identified several areas for further research. The organization said the program would be implemented in phases. The company said more details would be provided after the review.,business,2025-11-03,1
SHOCKING: a shocking scientific discovery reportedly reveals by a social media message,A social media message reportedly reveals a shocking scientific discovery. The story contains sensational statements without supporting evidence. The claim has not been independently verified. The article asks readers to share the information immediately.,transport,2025-04-19,0
local authorities confirmed updated information on a technology update,Local authorities confirmed a technology update. Officials said the measure would be reviewed periodically. The announcement included information about the project and its expected implementation. The report included data collected over several months.,technology,2025-04-04,1
an internet report is said to reveal a mysterious experiment,An internet report is said to reveal a mysterious experiment. No independent organization has confirmed the claim. The article asks readers to share the information immediately. The information has circulated widely on social media.,government,2025-04-08,0
a viral video apparently confirms a revolutionary invention,A viral video apparently confirms a revolutionary invention. The article encourages readers to believe the information without providing reliable evidence. The story contains sensational statements without supporting evidence. The information has circulated widely on social media.,health,2025-11-04,0
New report: researchers announced updated public guidance,Researchers announced updated public guidance. The company said more details would be provided after the review. The announcement included information about the project and its expected implementation. Researchers said additional studies are needed to understand the long-term effects.,business,2025-02-23,1
VIRAL: a viral post claims a shocking scientific discovery,A viral post claims a shocking scientific discovery. The source does not provide reliable documents or research. The claim has not been independently verified. The information has circulated widely on social media.,environment,2025-12-13,0
SHOCKING: an unbelievable breakthrough is said to reveal by an unverified report,An unverified report is said to reveal an unbelievable breakthrough. The article encourages readers to believe the information without providing reliable evidence. The story says officials are hiding the information from the public. The report uses anonymous sources without identifying them.,health,2025-06-24,0
New Delhi: university researchers reported a new policy proposal,University researchers reported a new policy proposal. The announcement included information about the project and its expected implementation. The study examined available evidence and identified several areas for further research. The report included data collected over several months.,education,2025-07-21,1
BREAKING: a mysterious source reportedly reveals a miraculous discovery,A mysterious source reportedly reveals a miraculous discovery. The claim has not been independently verified. The article asks readers to share the information immediately. No independent organization has confirmed the claim.,science,2025-10-17,0
VIRAL: a sensational website supposedly proves a shocking scientific discovery,A sensational website supposedly proves a shocking scientific discovery. The article encourages readers to believe the information without providing reliable evidence. The story contains sensational statements without supporting evidence. The report provides no verifiable evidence for the claim.,government,2025-10-16,0
scientists confirmed updated information on a technology update,Scientists confirmed a technology update. The study examined available evidence and identified several areas for further research. The report included data collected over several months. The organization said the program would be implemented in phases.,sports,2025-10-13,1
New report: company representatives reported a new research report,Company representatives reported a new research report. The proposal will be considered by the relevant authorities. Officials said the measure would be reviewed periodically. The findings were presented during a public meeting.,health,2025-07-11,1
New Delhi authorities presented a research project,Education officials presented a research project. The report included data collected over several months. The proposal will be considered by the relevant authorities. Researchers said additional studies are needed to understand the long-term effects.,environment,2025-05-23,1
Mumbai authorities examined a public transport plan,Company representatives examined a public transport plan. The organization said the program would be implemented in phases. Officials said the measure would be reviewed periodically. The announcement included information about the project and its expected implementation.,environment,2025-08-25,1
university researchers presented updated information on a public transport plan,University researchers presented a public transport plan. Officials said the measure would be reviewed periodically. The findings were presented during a public meeting. Officials said the measure would be reviewed periodically.,environment,2025-01-06,1
health officials approved updated public guidance,Health officials approved updated public guidance. The organization said the program would be implemented in phases. Officials encouraged the public to use information from reliable sources. Officials encouraged the public to use information from reliable sources.,space,2025-11-03,1
SHOCKING: a secret cure alleges by an anonymous source,An anonymous source alleges a secret cure. The information has circulated widely on social media. The article asks readers to share the information immediately. The story says officials are hiding the information from the public.,space,2025-02-11,0
BREAKING: an unverified report mysteriously claims a shocking scientific discovery,An unverified report mysteriously claims a shocking scientific discovery. No independent organization has confirmed the claim. No independent organization has confirmed the claim. The source does not provide reliable documents or research.,technology,2025-10-04,0
BREAKING: a sensational website alleges a secret cure,A sensational website alleges a secret cure. The article encourages readers to believe the information without providing reliable evidence. The claim has not been independently verified. No independent organization has confirmed the claim.,sports,2025-04-01,0
New Delhi authorities reported a new research report,Scientists reported a new research report. The findings were presented during a public meeting. The company said more details would be provided after the review. The proposal will be considered by the relevant authorities.,health,2025-11-24,1
New report: government officials presented the results of a study,Government officials presented the results of a study. Officials encouraged the public to use information from reliable sources. The company said more details would be provided after the review. Officials said the measure would be reviewed periodically.,science,2025-09-21,1
URGENT: an unbelievable breakthrough reportedly discovered,A sensational website supposedly proves an unbelievable breakthrough. The article encourages readers to believe the information without providing reliable evidence. The information has circulated widely on social media. The story contains sensational statements without supporting evidence.,science,2025-03-17,0
New report: industry analysts approved updated public guidance,Industry analysts approved updated public guidance. Officials said the measure would be reviewed periodically. The proposal will be considered by the relevant authorities. Researchers said additional studies are needed to understand the long-term effects.,science,2025-02-19,1
New Delhi authorities confirmed updated safety measures,University researchers confirmed updated safety measures. The organization said the program would be implemented in phases. The organization said the program would be implemented in phases. The proposal will be considered by the relevant authorities.,health,2025-07-15,1
VIRAL: an anonymous source claims a mysterious experiment,An anonymous source claims a mysterious experiment. The article encourages readers to believe the information without providing reliable evidence. The story says officials are hiding the information from the public. The story says officials are hiding the information from the public.,space,2025-04-17,0
New report: education officials confirmed a new development program,Education officials confirmed a new development program. Officials encouraged the public to use information from reliable sources. Officials said the measure would be reviewed periodically. Researchers said additional studies are needed to understand the long-term effects.,technology,2025-05-15,1
SHOCKING: a secret government plan supposedly proves by a mysterious source,A mysterious source supposedly proves a secret government plan. The report uses anonymous sources without identifying them. The information has circulated widely on social media. The story says officials are hiding the information from the public.,science,2025-08-21,0
BREAKING: a viral video reportedly reveals a revolutionary invention,A viral video reportedly reveals a revolutionary invention. The report provides no verifiable evidence for the claim. The claim has not been independently verified. The source does not provide reliable documents or research.,health,2025-11-28,0
New Delhi authorities released the results of a study,Education officials released the results of a study. The findings were presented during a public meeting. The study examined available evidence and identified several areas for further research. The organization said the program would be implemented in phases.,space,2025-02-15,1
SHOCKING: a revolutionary invention secretly announces by a viral post,A viral post secretly announces a revolutionary invention. The source does not provide reliable documents or research. The source does not provide reliable documents or research. The article asks readers to share the information immediately.,government,2025-12-26,0
an online claim reportedly reveals a revolutionary invention,An online claim reportedly reveals a revolutionary invention. The article encourages readers to believe the information without providing reliable evidence. The article encourages readers to believe the information without providing reliable evidence. The article asks readers to share the information immediately.,space,2025-02-13,0
New Delhi: transport authorities published updated safety measures,Transport authorities published updated safety measures. The company said more details would be provided after the review. The organization said the program would be implemented in phases. The organization said the program would be implemented in phases.,sports,2025-09-18,1
the country authorities introduced an annual report,Local authorities introduced an annual report. Researchers said additional studies are needed to understand the long-term effects. Researchers said additional studies are needed to understand the long-term effects. The study examined available evidence and identified several areas for further research.,education,2025-10-11,1
local authorities approved the results of a study,Local authorities approved the results of a study. The findings were presented during a public meeting. The findings were presented during a public meeting. Researchers said additional studies are needed to understand the long-term effects.,sports,2025-12-12,1
local authorities introduced the results of a study,Local authorities introduced the results of a study. The study examined available evidence and identified several areas for further research. Officials encouraged the public to use information from reliable sources. The company said more details would be provided after the review.,business,2025-07-15,1
URGENT: a completely unknown city reportedly discovered,An anonymous source supposedly proves a completely unknown city. The source does not provide reliable documents or research. The source does not provide reliable documents or research. The report uses anonymous sources without identifying them.,government,2025-02-27,0
local authorities reported updated information on a new development program,Local authorities reported a new development program. The company said more details would be provided after the review. The organization said the program would be implemented in phases. The announcement included information about the project and its expected implementation.,business,2025-12-25,1
a sensational website reportedly reveals a secret government plan,A sensational website reportedly reveals a secret government plan. The claim has not been independently verified. The article encourages readers to believe the information without providing reliable evidence. The article encourages readers to believe the information without providing reliable evidence.,environment,2025-05-05,0
researchers reviewed a new development program,Researchers reviewed a new development program. The proposal will be considered by the relevant authorities. Officials encouraged the public to use information from reliable sources. Officials encouraged the public to use information from reliable sources.,space,2025-08-03,1
New report: industry analysts published a new research report,Industry analysts published a new research report. The announcement included information about the project and its expected implementation. The proposal will be considered by the relevant authorities. The findings were presented during a public meeting.,government,2025-01-09,1
New report: local authorities announced a new development program,Local authorities announced a new development program. The proposal will be considered by the relevant authorities. Researchers said additional studies are needed to understand the long-term effects. The company said more details would be provided after the review.,environment,2025-02-08,1
SHOCKING: a revolutionary invention alleges by an online claim,An online claim alleges a revolutionary invention. The article asks readers to share the information immediately. The source does not provide reliable documents or research. The story says officials are hiding the information from the public.,government,2025-10-18,0
BREAKING: a sensational website apparently confirms an unbelievable breakthrough,A sensational website apparently confirms an unbelievable breakthrough. The report uses anonymous sources without identifying them. The information has circulated widely on social media. The article encourages readers to believe the information without providing reliable evidence.,science,2025-12-23,0
VIRAL: an anonymous source supposedly proves a miraculous discovery,An anonymous source supposedly proves a miraculous discovery. The claim has not been independently verified. The claim has not been independently verified. The report provides no verifiable evidence for the claim.,business,2025-10-05,0
Secret discovery: a hidden international agreement,An anonymous source mysteriously claims a hidden international agreement. The source does not provide reliable documents or research. The story contains sensational statements without supporting evidence. The report uses anonymous sources without identifying them.,transport,2025-06-19,0
SHOCKING: a shocking scientific discovery is said to reveal by an internet report,An internet report is said to reveal a shocking scientific discovery. The article encourages readers to believe the information without providing reliable evidence. The source does not provide reliable documents or research. The article asks readers to share the information immediately.,transport,2025-09-17,0
university researchers approved updated information on the results of a study,University researchers approved the results of a study. The study examined available evidence and identified several areas for further research. The proposal will be considered by the relevant authorities. The company said more details would be provided after the review.,business,2025-09-16,1
a viral video is said to reveal a secret cure,A viral video is said to reveal a secret cure. No independent organization has confirmed the claim. The article encourages readers to believe the information without providing reliable evidence. No independent organization has confirmed the claim.,transport,2025-07-19,0
VIRAL: an unverified report mysteriously claims a miraculous discovery,An unverified report mysteriously claims a miraculous discovery. The source does not provide reliable documents or research. No independent organization has confirmed the claim. The story says officials are hiding the information from the public.,technology,2025-05-05,0
university researchers presented updated information on a new policy proposal,University researchers presented a new policy proposal. The announcement included information about the project and its expected implementation. Officials encouraged the public to use information from reliable sources. The company said more details would be provided after the review.,science,2025-02-24,1
education officials confirmed updated safety measures,Education officials confirmed updated safety measures. The findings were presented during a public meeting. The study examined available evidence and identified several areas for further research. The company said more details would be provided after the review.,government,2025-04-20,1
SHOCKING: a secret government plan secretly announces by a viral video,A viral video secretly announces a secret government plan. The claim has not been independently verified. The source does not provide reliable documents or research. No independent organization has confirmed the claim.,sports,2025-06-19,0
VIRAL: an online claim is said to reveal an unbelievable breakthrough,An online claim is said to reveal an unbelievable breakthrough. The story contains sensational statements without supporting evidence. The information has circulated widely on social media. The source does not provide reliable documents or research.,health,2025-01-11,0
Secret discovery: a secret cure,An online claim secretly announces a secret cure. The article encourages readers to believe the information without providing reliable evidence. The report uses anonymous sources without identifying them. The report uses anonymous sources without identifying them.,education,2025-07-17,0
Kolkata: researchers announced updated safety measures,Researchers announced updated safety measures. The organization said the program would be implemented in phases. The report included data collected over several months. The proposal will be considered by the relevant authorities.,health,2025-10-09,1
URGENT: a completely unknown city reportedly discovered,An unverified report alleges a completely unknown city. The source does not provide reliable documents or research. The information has circulated widely on social media. The article asks readers to share the information immediately.,health,2025-06-03,0
BREAKING: an unverified article reportedly reveals a miraculous discovery,An unverified article reportedly reveals a miraculous discovery. The story says officials are hiding the information from the public. The report uses anonymous sources without identifying them. The story contains sensational statements without supporting evidence.,technology,2025-09-23,0
BREAKING: a viral post secretly announces an unbelievable breakthrough,A viral post secretly announces an unbelievable breakthrough. The story says officials are hiding the information from the public. The report uses anonymous sources without identifying them. The story says officials are hiding the information from the public.,space,2025-03-05,0
VIRAL: a social media message supposedly proves an unbelievable breakthrough,A social media message supposedly proves an unbelievable breakthrough. The article encourages readers to believe the information without providing reliable evidence. The article asks readers to share the information immediately. The information has circulated widely on social media.,environment,2025-06-19,0
VIRAL: a viral post claims a completely unknown city,A viral post claims a completely unknown city. The source does not provide reliable documents or research. The story contains sensational statements without supporting evidence. The report uses anonymous sources without identifying them.,environment,2025-12-06,0
Chennai authorities published a new policy proposal,Education officials published a new policy proposal. Officials said the measure would be reviewed periodically. The announcement included information about the project and its expected implementation. Officials encouraged the public to use information from reliable sources.,science,2025-06-18,1
local authorities reported updated safety measures,Local authorities reported updated safety measures. Researchers said additional studies are needed to understand the long-term effects. Officials encouraged the public to use information from reliable sources. Officials said the measure would be reviewed periodically.,sports,2025-07-27,1
Kolkata authorities confirmed a new policy proposal,Local authorities confirmed a new policy proposal. The announcement included information about the project and its expected implementation. The study examined available evidence and identified several areas for further research. The announcement included information about the project and its expected implementation.,business,2025-07-06,1
VIRAL: a viral post reportedly reveals a mysterious experiment,A viral post reportedly reveals a mysterious experiment. The story says officials are hiding the information from the public. The source does not provide reliable documents or research. The story contains sensational statements without supporting evidence.,environment,2025-01-18,0
BREAKING: an internet report mysteriously claims a shocking scientific discovery,An internet report mysteriously claims a shocking scientific discovery. The report uses anonymous sources without identifying them. The article encourages readers to believe the information without providing reliable evidence. The report uses anonymous sources without identifying them.,sports,2025-07-18,0
scientists introduced updated safety measures,Scientists introduced updated safety measures. Officials encouraged the public to use information from reliable sources. The organization said the program would be implemented in phases. The organization said the program would be implemented in phases.,science,2025-12-28,1
SHOCKING: a revolutionary invention secretly announces by an internet report,An internet report secretly announces a revolutionary invention. The report provides no verifiable evidence for the claim. The story says officials are hiding the information from the public. The report provides no verifiable evidence for the claim.,transport,2025-11-26,0
VIRAL: an unverified article is said to reveal a mysterious experiment,An unverified article is said to reveal a mysterious experiment. The article asks readers to share the information immediately. The article encourages readers to believe the information without providing reliable evidence. The story says officials are hiding the information from the public.,technology,2025-05-13,0
URGENT: a secret cure reportedly discovered,A viral video mysteriously claims a secret cure. The article asks readers to share the information immediately. The source does not provide reliable documents or research. The article asks readers to share the information immediately.,health,2025-01-03,0
Chennai: transport authorities reviewed a new development program,Transport authorities reviewed a new development program. Officials said the measure would be reviewed periodically. Officials said the measure would be reviewed periodically. The announcement included information about the project and its expected implementation.,environment,2025-01-21,1
VIRAL: a mysterious source secretly announces a mysterious experiment,A mysterious source secretly announces a mysterious experiment. The article asks readers to share the information immediately. No independent organization has confirmed the claim. The report uses anonymous sources without identifying them.,education,2025-08-09,0
VIRAL: an online claim alleges a secret cure,An online claim alleges a secret cure. The information has circulated widely on social media. The article encourages readers to believe the information without providing reliable evidence. The information has circulated widely on social media.,environment,2025-05-04,0
SHOCKING: a shocking scientific discovery alleges by a mysterious source,A mysterious source alleges a shocking scientific discovery. The article asks readers to share the information immediately. The article encourages readers to believe the information without providing reliable evidence. The article encourages readers to believe the information without providing reliable evidence.,sports,2025-02-04,0
BREAKING: an online claim reportedly reveals an unbelievable breakthrough,An online claim reportedly reveals an unbelievable breakthrough. The source does not provide reliable documents or research. The article encourages readers to believe the information without providing reliable evidence. The report provides no verifiable evidence for the claim.,education,2025-08-03,0
New report: industry analysts announced a new development program,Industry analysts announced a new development program. The company said more details would be provided after the review. The company said more details would be provided after the review. The company said more details would be provided after the review.,sports,2025-07-13,1
BREAKING: an online claim supposedly proves a hidden technology,An online claim supposedly proves a hidden technology. The article asks readers to share the information immediately. No independent organization has confirmed the claim. The report provides no verifiable evidence for the claim.,sports,2025-05-01,0
New report: government officials released a new policy proposal,Government officials released a new policy proposal. The organization said the program would be implemented in phases. The organization said the program would be implemented in phases. Researchers said additional studies are needed to understand the long-term effects.,sports,2025-11-10,1
BREAKING: an unverified report apparently confirms a miraculous discovery,An unverified report apparently confirms a miraculous discovery. The report uses anonymous sources without identifying them. The article encourages readers to believe the information without providing reliable evidence. The claim has not been independently verified.,government,2025-11-17,0
Secret discovery: a revolutionary invention,A sensational website alleges a revolutionary invention. The article encourages readers to believe the information without providing reliable evidence. The story says officials are hiding the information from the public. The article encourages readers to believe the information without providing reliable evidence.,government,2025-06-18,0
VIRAL: an anonymous source claims a completely unknown city,An anonymous source claims a completely unknown city. No independent organization has confirmed the claim. The report provides no verifiable evidence for the claim. The claim has not been independently verified.,transport,2025-01-11,0
researchers announced a new research report,Researchers announced a new research report. The company said more details would be provided after the review. The announcement included information about the project and its expected implementation. Officials said the measure would be reviewed periodically.,science,2025-09-26,1
Hyderabad: transport authorities published a technology update,Transport authorities published a technology update. Researchers said additional studies are needed to understand the long-term effects. The findings were presented during a public meeting. The proposal will be considered by the relevant authorities.,government,2025-06-28,1
BREAKING: a mysterious source reportedly reveals a hidden technology,A mysterious source reportedly reveals a hidden technology. The claim has not been independently verified. The information has circulated widely on social media. No independent organization has confirmed the claim.,business,2025-04-14,0
Secret discovery: a mysterious experiment,An unverified article is said to reveal a mysterious experiment. No independent organization has confirmed the claim. The report provides no verifiable evidence for the claim. The information has circulated widely on social media.,business,2025-12-05,0
India: education officials reviewed a public transport plan,Education officials reviewed a public transport plan. The company said more details would be provided after the review. The organization said the program would be implemented in phases. Researchers said additional studies are needed to understand the long-term effects.,education,2025-01-19,1
scientists introduced an annual report,Scientists introduced an annual report. The report included data collected over several months. Officials encouraged the public to use information from reliable sources. The proposal will be considered by the relevant authorities.,environment,2025-07-23,1
company representatives presented updated information on updated safety measures,Company representatives presented updated safety measures. The report included data collected over several months. The report included data collected over several months. The organization said the program would be implemented in phases.,technology,2025-05-03,1
New report: company representatives examined an annual report,Company representatives examined an annual report. The company said more details would be provided after the review. The announcement included information about the project and its expected implementation. Researchers said additional studies are needed to understand the long-term effects.,health,2025-09-10,1
industry analysts presented updated safety measures,Industry analysts presented updated safety measures. Officials encouraged the public to use information from reliable sources. The proposal will be considered by the relevant authorities. The organization said the program would be implemented in phases.,space,2025-08-14,1
VIRAL: an anonymous source mysteriously claims a completely unknown city,An anonymous source mysteriously claims a completely unknown city. The report uses anonymous sources without identifying them. The claim has not been independently verified. The article asks readers to share the information immediately.,sports,2025-05-11,0
BREAKING: a viral video reportedly reveals a miraculous discovery,A viral video reportedly reveals a miraculous discovery. The report uses anonymous sources without identifying them. The story contains sensational statements without supporting evidence. The article asks readers to share the information immediately.,health,2025-05-12,0
Secret discovery: a shocking scientific discovery,An unverified report alleges a shocking scientific discovery. No independent organization has confirmed the claim. The report uses anonymous sources without identifying them. The story contains sensational statements without supporting evidence.,environment,2025-03-27,0
New report: local authorities confirmed a research project,Local authorities confirmed a research project. The proposal will be considered by the relevant authorities. The report included data collected over several months. The organization said the program would be implemented in phases.,technology,2025-01-18,1
scientists released updated information on a new policy proposal,Scientists released a new policy proposal. Officials said the measure would be reviewed periodically. The announcement included information about the project and its expected implementation. The study examined available evidence and identified several areas for further research.,health,2025-06-23,1
SHOCKING: a secret cure apparently confirms by an anonymous source,An anonymous source apparently confirms a secret cure. The source does not provide reliable documents or research. The source does not provide reliable documents or research. No independent organization has confirmed the claim.,government,2025-01-20,0
SHOCKING: a mysterious experiment is said to reveal by an anonymous source,An anonymous source is said to reveal a mysterious experiment. The report uses anonymous sources without identifying them. The article encourages readers to believe the information without providing reliable evidence. The story says officials are hiding the information from the public.,sports,2025-11-10,0
New report: government officials examined a public transport plan,Government officials examined a public transport plan. The organization said the program would be implemented in phases. Officials said the measure would be reviewed periodically. Officials encouraged the public to use information from reliable sources.,technology,2025-06-14,1
the country: researchers confirmed the results of a study,Researchers confirmed the results of a study. Researchers said additional studies are needed to understand the long-term effects. The findings were presented during a public meeting. The announcement included information about the project and its expected implementation.,technology,2025-03-28,1
SHOCKING: a hidden technology mysteriously claims by a viral video,A viral video mysteriously claims a hidden technology. The article encourages readers to believe the information without providing reliable evidence. The article asks readers to share the information immediately. The source does not provide reliable documents or research.,government,2025-11-16,0
URGENT: a revolutionary invention reportedly discovered,A social media message alleges a revolutionary invention. The information has circulated widely on social media. The information has circulated widely on social media. The report provides no verifiable evidence for the claim.,transport,2025-03-18,0
New report: industry analysts published updated public guidance,Industry analysts published updated public guidance. The organization said the program would be implemented in phases. Researchers said additional studies are needed to understand the long-term effects. Officials said the measure would be reviewed periodically.,technology,2025-08-28,1
BREAKING: a mysterious source alleges a hidden technology,A mysterious source alleges a hidden technology. The report uses anonymous sources without identifying them. The story contains sensational statements without supporting evidence. The report provides no verifiable evidence for the claim.,technology,2025-02-02,0
URGENT: a secret government plan reportedly discovered,An unverified report apparently confirms a secret government plan. The article asks readers to share the information immediately. The article encourages readers to believe the information without providing reliable evidence. The information has circulated widely on social media.,health,2025-01-04,0
company representatives examined a new research report,Company representatives examined a new research report. Researchers said additional studies are needed to understand the long-term effects. The announcement included information about the project and its expected implementation. The announcement included information about the project and its expected implementation.,sports,2025-03-17,1
Mumbai authorities published updated public guidance,Education officials published updated public guidance. The organization said the program would be implemented in phases. The company said more details would be provided after the review. The study examined available evidence and identified several areas for further research.,technology,2025-09-12,1
New report: transport authorities examined updated public guidance,Transport authorities examined updated public guidance. The company said more details would be provided after the review. The study examined available evidence and identified several areas for further research. The company said more details would be provided after the review.,environment,2025-05-21,1
education officials announced updated information on a public transport plan,Education officials announced a public transport plan. The organization said the program would be implemented in phases. Officials said the measure would be reviewed periodically. Officials said the measure would be reviewed periodically.,technology,2025-09-06,1
BREAKING: an online claim apparently confirms a secret cure,An online claim apparently confirms a secret cure. The report uses anonymous sources without identifying them. The report provides no verifiable evidence for the claim. The story says officials are hiding the information from the public.,environment,2025-07-02,0
URGENT: a completely unknown city reportedly discovered,A social media message claims a completely unknown city. The article encourages readers to believe the information without providing reliable evidence. The report provides no verifiable evidence for the claim. The report provides no verifiable evidence for the claim.,science,2025-05-07,0
Hyderabad: local authorities introduced updated safety measures,Local authorities introduced updated safety measures. Officials encouraged the public to use information from reliable sources. The study examined available evidence and identified several areas for further research. Researchers said additional studies are needed to understand the long-term effects.,transport,2025-07-01,1
Kolkata: researchers approved the results of a study,Researchers approved the results of a study. The study examined available evidence and identified several areas for further research. Officials said the measure would be reviewed periodically. Officials encouraged the public to use information from reliable sources.,sports,2025-03-07,1
URGENT: a completely unknown city reportedly discovered,A mysterious source secretly announces a completely unknown city. The story contains sensational statements without supporting evidence. The article asks readers to share the information immediately. The source does not provide reliable documents or research.,science,2025-12-25,0
New report: government officials published updated public guidance,Government officials published updated public guidance. The findings were presented during a public meeting. Officials encouraged the public to use information from reliable sources. Researchers said additional studies are needed to understand the long-term effects.,environment,2025-11-01,1
a mysterious source reportedly reveals a shocking scientific discovery,A mysterious source reportedly reveals a shocking scientific discovery. The story contains sensational statements without supporting evidence. The story says officials are hiding the information from the public. The story says officials are hiding the information from the public.,government,2025-05-15,0
URGENT: a secret cure reportedly discovered,A mysterious source alleges a secret cure. The story says officials are hiding the information from the public. The report uses anonymous sources without identifying them. No independent organization has confirmed the claim.,health,2025-01-07,0
New report: company representatives announced updated public guidance,Company representatives announced updated public guidance. Officials encouraged the public to use information from reliable sources. Officials said the measure would be reviewed periodically. The company said more details would be provided after the review.,transport,2025-04-22,1
Delhi: industry analysts announced the results of a study,Industry analysts announced the results of a study. The study examined available evidence and identified several areas for further research. The report included data collected over several months. The proposal will be considered by the relevant authorities.,science,2025-05-14,1
Chennai authorities reviewed an annual report,Transport authorities reviewed an annual report. The study examined available evidence and identified several areas for further research. Officials said the measure would be reviewed periodically. The organization said the program would be implemented in phases.,sports,2025-04-19,1
scientists reported updated information on an annual report,Scientists reported an annual report. The findings were presented during a public meeting. The study examined available evidence and identified several areas for further research. Researchers said additional studies are needed to understand the long-term effects.,sports,2025-04-10,1
VIRAL: an unverified report claims a mysterious experiment,An unverified report claims a mysterious experiment. No independent organization has confirmed the claim. The story contains sensational statements without supporting evidence. The article encourages readers to believe the information without providing reliable evidence.,transport,2025-09-05,0
Mumbai: industry analysts confirmed an annual report,Industry analysts confirmed an annual report. The study examined available evidence and identified several areas for further research. The proposal will be considered by the relevant authorities. The study examined available evidence and identified several areas for further research.,environment,2025-10-24,1
New report: government officials presented a public transport plan,Government officials presented a public transport plan. The findings were presented during a public meeting. Officials encouraged the public to use information from reliable sources. The report included data collected over several months.,sports,2025-04-18,1
VIRAL: an unverified report supposedly proves a hidden technology,An unverified report supposedly proves a hidden technology. The source does not provide reliable documents or research. No independent organization has confirmed the claim. The source does not provide reliable documents or research.,transport,2025-10-11,0
New report: transport authorities introduced updated public guidance,Transport authorities introduced updated public guidance. Officials encouraged the public to use information from reliable sources. The announcement included information about the project and its expected implementation. The company said more details would be provided after the review.,education,2025-01-21,1
BREAKING: an unverified report supposedly proves a mysterious experiment,An unverified report supposedly proves a mysterious experiment. The report uses anonymous sources without identifying them. The report provides no verifiable evidence for the claim. The article encourages readers to believe the information without providing reliable evidence.,sports,2025-10-03,0
health officials reported updated information on an annual report,Health officials reported an annual report. The organization said the program would be implemented in phases. Researchers said additional studies are needed to understand the long-term effects. The organization said the program would be implemented in phases.,health,2025-10-11,1
VIRAL: an anonymous source secretly announces a shocking scientific discovery,An anonymous source secretly announces a shocking scientific discovery. The information has circulated widely on social media. The claim has not been independently verified. The story says officials are hiding the information from the public.,environment,2025-05-24,0
a viral post apparently confirms a miraculous discovery,A viral post apparently confirms a miraculous discovery. The story says officials are hiding the information from the public. The claim has not been independently verified. The article asks readers to share the information immediately.,government,2025-04-23,0
Secret discovery: a hidden technology,A social media message is said to reveal a hidden technology. The report provides no verifiable evidence for the claim. The claim has not been independently verified. The claim has not been independently verified.,technology,2025-05-16,0
Kolkata: company representatives introduced a research project,Company representatives introduced a research project. The proposal will be considered by the relevant authorities. The report included data collected over several months. Researchers said additional studies are needed to understand the long-term effects.,technology,2025-03-07,1
a sensational website reportedly reveals a miraculous discovery,A sensational website reportedly reveals a miraculous discovery. The information has circulated widely on social media. The story contains sensational statements without supporting evidence. The claim has not been independently verified.,education,2025-01-10,0
a viral video reportedly reveals a secret cure,A viral video reportedly reveals a secret cure. No independent organization has confirmed the claim. The report uses anonymous sources without identifying them. The story says officials are hiding the information from the public.,education,2025-11-28,0
SHOCKING: an unbelievable breakthrough apparently confirms by a social media message,A social media message apparently confirms an unbelievable breakthrough. The story contains sensational statements without supporting evidence. The information has circulated widely on social media. The source does not provide reliable documents or research.,environment,2025-06-04,0
a viral post alleges a secret government plan,A viral post alleges a secret government plan. No independent organization has confirmed the claim. The article asks readers to share the information immediately. The claim has not been independently verified.,sports,2025-09-14,0
Pune authorities introduced an annual report,University researchers introduced an annual report. Researchers said additional studies are needed to understand the long-term effects. Officials said the measure would be reviewed periodically. The organization said the program would be implemented in phases.,health,2025-12-07,1
URGENT: a miraculous discovery reportedly discovered,An anonymous source mysteriously claims a miraculous discovery. The article encourages readers to believe the information without providing reliable evidence. The article encourages readers to believe the information without providing reliable evidence. The report provides no verifiable evidence for the claim.,education,2025-11-24,0
Delhi: health officials reported an annual report,Health officials reported an annual report. The company said more details would be provided after the review. Officials encouraged the public to use information from reliable sources. The report included data collected over several months.,sports,2025-06-09,1
BREAKING: an online claim is said to reveal a secret cure,An online claim is said to reveal a secret cure. No independent organization has confirmed the claim. The report uses anonymous sources without identifying them. The story contains sensational statements without supporting evidence.,space,2025-10-20,0
health officials examined updated public guidance,Health officials examined updated public guidance. The organization said the program would be implemented in phases. Officials said the measure would be reviewed periodically. The proposal will be considered by the relevant authorities.,business,2025-10-04,1
government officials reviewed a new research report,Government officials reviewed a new research report. Researchers said additional studies are needed to understand the long-term effects. The company said more details would be provided after the review. The organization said the program would be implemented in phases.,science,2025-10-17,1
India: health officials announced a new research report,Health officials announced a new research report. Officials encouraged the public to use information from reliable sources. The company said more details would be provided after the review. The proposal will be considered by the relevant authorities.,government,2025-09-16,1
transport authorities approved updated information on a new policy proposal,Transport authorities approved a new policy proposal. The company said more details would be provided after the review. The announcement included information about the project and its expected implementation. The study examined available evidence and identified several areas for further research.,space,2025-03-28,1
New report: government officials confirmed updated safety measures,Government officials confirmed updated safety measures. The organization said the program would be implemented in phases. The announcement included information about the project and its expected implementation. The proposal will be considered by the relevant authorities.,science,2025-01-26,1
SHOCKING: a completely unknown city reportedly reveals by a viral post,A viral post reportedly reveals a completely unknown city. The report uses anonymous sources without identifying them. The story says officials are hiding the information from the public. The article encourages readers to believe the information without providing reliable evidence.,science,2025-08-23,0
university researchers reviewed a research project,University researchers reviewed a research project. Researchers said additional studies are needed to understand the long-term effects. The study examined available evidence and identified several areas for further research. Officials said the measure would be reviewed periodically.,education,2025-11-18,1
Kolkata authorities reviewed a public transport plan,Transport authorities reviewed a public transport plan. The organization said the program would be implemented in phases. The proposal will be considered by the relevant authorities. Officials said the measure would be reviewed periodically.,technology,2025-11-19,1
university researchers released updated information on updated public guidance,University researchers released updated public guidance. The organization said the program would be implemented in phases. The company said more details would be provided after the review. Officials said the measure would be reviewed periodically.,science,2025-04-09,1
education officials announced updated information on a new policy proposal,Education officials announced a new policy proposal. The organization said the program would be implemented in phases. Officials said the measure would be reviewed periodically. Officials encouraged the public to use information from reliable sources.,transport,2025-08-12,1
government officials introduced updated information on a new research report,Government officials introduced a new research report. Officials said the measure would be reviewed periodically. The proposal will be considered by the relevant authorities. The organization said the program would be implemented in phases.,education,2025-06-25,1
BREAKING: an unverified report is said to reveal an unbelievable breakthrough,An unverified report is said to reveal an unbelievable breakthrough. The report provides no verifiable evidence for the claim. The story says officials are hiding the information from the public. The report provides no verifiable evidence for the claim.,sports,2025-05-21,0
New Delhi: education officials introduced the results of a study,Education officials introduced the results of a study. The proposal will be considered by the relevant authorities. Officials said the measure would be reviewed periodically. The organization said the program would be implemented in phases.,space,2025-08-17,1
BREAKING: an anonymous source secretly announces a revolutionary invention,An anonymous source secretly announces a revolutionary invention. The report uses anonymous sources without identifying them. The source does not provide reliable documents or research. The story contains sensational statements without supporting evidence.,technology,2025-08-28,0
Kolkata: industry analysts reviewed the results of a study,Industry analysts reviewed the results of a study. Officials said the measure would be reviewed periodically. The organization said the program would be implemented in phases. The proposal will be considered by the relevant authorities.,health,2025-11-10,1
New report: government officials reported the results of a study,Government officials reported the results of a study. The announcement included information about the project and its expected implementation. The report included data collected over several months. The study examined available evidence and identified several areas for further research.,technology,2025-10-20,1
Secret discovery: a secret government plan,An unverified report supposedly proves a secret government plan. The source does not provide reliable documents or research. No independent organization has confirmed the claim. The claim has not been independently verified.,sports,2025-09-07,0
SHOCKING: a shocking scientific discovery apparently confirms by a mysterious source,A mysterious source apparently confirms a shocking scientific discovery. The article asks readers to share the information immediately. The report provides no verifiable evidence for the claim. The story says officials are hiding the information from the public.,environment,2025-04-06,0
education officials released updated information on the results of a study,Education officials released the results of a study. The report included data collected over several months. Officials encouraged the public to use information from reliable sources. The company said more details would be provided after the review.,space,2025-08-24,1
scientists published a technology update,Scientists published a technology update. Officials encouraged the public to use information from reliable sources. The company said more details would be provided after the review. The report included data collected over several months.,sports,2025-08-10,1
BREAKING: a social media message secretly announces a secret cure,A social media message secretly announces a secret cure. No independent organization has confirmed the claim. The report provides no verifiable evidence for the claim. The story contains sensational statements without supporting evidence.,environment,2025-05-03,0
the country authorities reported a new research report,Industry analysts reported a new research report. Officials said the measure would be reviewed periodically. The company said more details would be provided after the review. The proposal will be considered by the relevant authorities.,government,2025-12-24,1
India authorities announced an annual report,Industry analysts announced an annual report. Officials encouraged the public to use information from reliable sources. The report included data collected over several months. The proposal will be considered by the relevant authorities.,environment,2025-06-25,1
SHOCKING: a secret cure claims by a viral post,A viral post claims a secret cure. The story says officials are hiding the information from the public. The report provides no verifiable evidence for the claim. The report provides no verifiable evidence for the claim.,science,2025-04-27,0
Delhi: company representatives announced the results of a study,Company representatives announced the results of a study. The organization said the program would be implemented in phases. The company said more details would be provided after the review. Officials said the measure would be reviewed periodically.,technology,2025-05-04,1
SHOCKING: a secret government plan apparently confirms by an online claim,An online claim apparently confirms a secret government plan. The source does not provide reliable documents or research. The claim has not been independently verified. The article asks readers to share the information immediately.,education,2025-08-23,0
Pune authorities confirmed a technology update,Government officials confirmed a technology update. The study examined available evidence and identified several areas for further research. The findings were presented during a public meeting. The organization said the program would be implemented in phases.,science,2025-10-10,1
VIRAL: an unverified article secretly announces a revolutionary invention,An unverified article secretly announces a revolutionary invention. The report uses anonymous sources without identifying them. The source does not provide reliable documents or research. The report provides no verifiable evidence for the claim.,technology,2025-11-14,0
scientists reviewed updated information on a research project,Scientists reviewed a research project. The company said more details would be provided after the review. Officials encouraged the public to use information from reliable sources. The proposal will be considered by the relevant authorities.,government,2025-10-04,1
BREAKING: a viral post supposedly proves a secret cure,A viral post supposedly proves a secret cure. The report provides no verifiable evidence for the claim. The story says officials are hiding the information from the public. The information has circulated widely on social media.,health,2025-03-22,0
company representatives published the results of a study,Company representatives published the results of a study. Officials said the measure would be reviewed periodically. The proposal will be considered by the relevant authorities. Researchers said additional studies are needed to understand the long-term effects.,education,2025-02-04,1
a viral video claims a hidden international agreement,A viral video claims a hidden international agreement. The information has circulated widely on social media. The article asks readers to share the information immediately. The report uses anonymous sources without identifying them.,technology,2025-12-17,0
New report: transport authorities presented a research project,Transport authorities presented a research project. The company said more details would be provided after the review. The proposal will be considered by the relevant authorities. The organization said the program would be implemented in phases.,space,2025-09-21,1
transport authorities examined a new development program,Transport authorities examined a new development program. Researchers said additional studies are needed to understand the long-term effects. The report included data collected over several months. The findings were presented during a public meeting.,environment,2025-08-28,1
VIRAL: an internet report reportedly reveals a secret government plan,An internet report reportedly reveals a secret government plan. The article encourages readers to believe the information without providing reliable evidence. The source does not provide reliable documents or research. The article encourages readers to believe the information without providing reliable evidence.,sports,2025-10-08,0
an internet report is said to reveal a revolutionary invention,An internet report is said to reveal a revolutionary invention. The article encourages readers to believe the information without providing reliable evidence. The source does not provide reliable documents or research. The claim has not been independently verified.,technology,2025-03-25,0
BREAKING: a social media message apparently confirms a hidden international agreement,A social media message apparently confirms a hidden international agreement. The article asks readers to share the information immediately. The article encourages readers to believe the information without providing reliable evidence. The story says officials are hiding the information from the public.,education,2025-03-18,0
Kolkata authorities released a new research report,Industry analysts released a new research report. The findings were presented during a public meeting. The report included data collected over several months. Officials encouraged the public to use information from reliable sources.,sports,2025-01-20,1
government officials released updated information on a new research report,Government officials released a new research report. The company said more details would be provided after the review. The announcement included information about the project and its expected implementation. The proposal will be considered by the relevant authorities.,transport,2025-05-10,1
New report: local authorities reviewed a technology update,Local authorities reviewed a technology update. The company said more details would be provided after the review. Researchers said additional studies are needed to understand the long-term effects. The organization said the program would be implemented in phases.,health,2025-05-08,1
Hyderabad: government officials examined a new development program,Government officials examined a new development program. Officials encouraged the public to use information from reliable sources. The organization said the program would be implemented in phases. The company said more details would be provided after the review.,space,2025-11-06,1
Delhi: health officials announced a new development program,Health officials announced a new development program. Officials said the measure would be reviewed periodically. Researchers said additional studies are needed to understand the long-term effects. The company said more details would be provided after the review.,space,2025-04-08,1
an unverified article is said to reveal a secret cure,An unverified article is said to reveal a secret cure. No independent organization has confirmed the claim. The article encourages readers to believe the information without providing reliable evidence. The claim has not been independently verified.,transport,2025-09-27,0
Secret discovery: a revolutionary invention,A mysterious source claims a revolutionary invention. The article asks readers to share the information immediately. The article asks readers to share the information immediately. No independent organization has confirmed the claim.,health,2025-12-11,0
New report: education officials released a technology update,Education officials released a technology update. The report included data collected over several months. The company said more details would be provided after the review. Officials encouraged the public to use information from reliable sources.,space,2025-06-25,1
SHOCKING: a secret cure claims by a mysterious source,A mysterious source claims a secret cure. The article encourages readers to believe the information without providing reliable evidence. The report uses anonymous sources without identifying them. The story contains sensational statements without supporting evidence.,technology,2025-07-28,0
Hyderabad: scientists confirmed a new research report,Scientists confirmed a new research report. The study examined available evidence and identified several areas for further research. Officials said the measure would be reviewed periodically. The announcement included information about the project and its expected implementation.,government,2025-10-22,1
the country authorities published a public transport plan,Local authorities published a public transport plan. The organization said the program would be implemented in phases. The study examined available evidence and identified several areas for further research. Officials said the measure would be reviewed periodically.,science,2025-10-04,1
company representatives presented a technology update,Company representatives presented a technology update. The announcement included information about the project and its expected implementation. Researchers said additional studies are needed to understand the long-term effects. Officials encouraged the public to use information from reliable sources.,education,2025-12-06,1
New Delhi: local authorities presented a public transport plan,Local authorities presented a public transport plan. Researchers said additional studies are needed to understand the long-term effects. The findings were presented during a public meeting. The company said more details would be provided after the review.,business,2025-08-23,1
government officials reported an annual report,Government officials reported an annual report. The study examined available evidence and identified several areas for further research. Officials said the measure would be reviewed periodically. The study examined available evidence and identified several areas for further research.,business,2025-03-10,1
New report: industry analysts introduced a new policy proposal,Industry analysts introduced a new policy proposal. The proposal will be considered by the relevant authorities. The announcement included information about the project and its expected implementation. The report included data collected over several months.,science,2025-02-19,1
SHOCKING: a secret cure is said to reveal by an unverified report,An unverified report is said to reveal a secret cure. The report uses anonymous sources without identifying them. The story says officials are hiding the information from the public. The report uses anonymous sources without identifying them.,transport,2025-11-10,0
health officials published a research project,Health officials published a research project. The report included data collected over several months. The organization said the program would be implemented in phases. Researchers said additional studies are needed to understand the long-term effects.,education,2025-10-04,1
BREAKING: a social media message secretly announces a secret cure,A social media message secretly announces a secret cure. No independent organization has confirmed the claim. The story says officials are hiding the information from the public. No independent organization has confirmed the claim.,environment,2025-06-01,0
VIRAL: a sensational website apparently confirms a hidden technology,A sensational website apparently confirms a hidden technology. The report provides no verifiable evidence for the claim. The story contains sensational statements without supporting evidence. The story says officials are hiding the information from the public.,health,2025-10-27,0
Kolkata authorities approved a new research report,Researchers approved a new research report. The report included data collected over several months. The study examined available evidence and identified several areas for further research. The findings were presented during a public meeting.,technology,2025-06-02,1
Secret discovery: a secret government plan,An online claim claims a secret government plan. The article asks readers to share the information immediately. The story says officials are hiding the information from the public. The report uses anonymous sources without identifying them.,environment,2025-11-26,0
SHOCKING: a miraculous discovery mysteriously claims by an internet report,An internet report mysteriously claims a miraculous discovery. The report uses anonymous sources without identifying them. The story contains sensational statements without supporting evidence. The report provides no verifiable evidence for the claim.,environment,2025-01-13,0
URGENT: a shocking scientific discovery reportedly discovered,A mysterious source mysteriously claims a shocking scientific discovery. The claim has not been independently verified. No independent organization has confirmed the claim. The article asks readers to share the information immediately.,transport,2025-03-07,0
Secret discovery: a mysterious experiment,A social media message claims a mysterious experiment. The report uses anonymous sources without identifying them. The claim has not been independently verified. The source does not provide reliable documents or research.,space,2025-12-16,0
local authorities presented updated information on an annual report,Local authorities presented an annual report. The findings were presented during a public meeting. Researchers said additional studies are needed to understand the long-term effects. Researchers said additional studies are needed to understand the long-term effects.,government,2025-12-24,1
an unverified article mysteriously claims a hidden technology,An unverified article mysteriously claims a hidden technology. The claim has not been independently verified. The claim has not been independently verified. The story says officials are hiding the information from the public.,business,2025-04-15,0
Secret discovery: an unbelievable breakthrough,A mysterious source secretly announces an unbelievable breakthrough. The story says officials are hiding the information from the public. The report uses anonymous sources without identifying them. The source does not provide reliable documents or research.,technology,2025-01-03,0
SHOCKING: a shocking scientific discovery reportedly reveals by an online claim,An online claim reportedly reveals a shocking scientific discovery. The source does not provide reliable documents or research. The report uses anonymous sources without identifying them. No independent organization has confirmed the claim.,technology,2025-08-26,0
scientists published updated information on a new research report,Scientists published a new research report. Officials encouraged the public to use information from reliable sources. The study examined available evidence and identified several areas for further research. The proposal will be considered by the relevant authorities.,technology,2025-07-09,1
URGENT: a shocking scientific discovery reportedly discovered,A viral video claims a shocking scientific discovery. The report provides no verifiable evidence for the claim. The information has circulated widely on social media. The story contains sensational statements without supporting evidence.,education,2025-12-01,0
Secret discovery: an unbelievable breakthrough,An anonymous source alleges an unbelievable breakthrough. The report uses anonymous sources without identifying them. The article asks readers to share the information immediately. The story says officials are hiding the information from the public.,space,2025-02-24,0
BREAKING: a viral video supposedly proves a completely unknown city,A viral video supposedly proves a completely unknown city. The article encourages readers to believe the information without providing reliable evidence. The claim has not been independently verified. The claim has not been independently verified.,science,2025-10-06,0
health officials published updated information on updated public guidance,Health officials published updated public guidance. The organization said the program would be implemented in phases. Researchers said additional studies are needed to understand the long-term effects. The findings were presented during a public meeting.,space,2025-06-13,1
company representatives announced updated information on updated safety measures,Company representatives announced updated safety measures. The report included data collected over several months. Officials said the measure would be reviewed periodically. The organization said the program would be implemented in phases.,sports,2025-06-02,1
VIRAL: a social media message claims a secret cure,A social media message claims a secret cure. The story says officials are hiding the information from the public. The source does not provide reliable documents or research. The report uses anonymous sources without identifying them.,transport,2025-01-02,0
company representatives approved updated information on a new policy proposal,Company representatives approved a new policy proposal. The study examined available evidence and identified several areas for further research. The proposal will be considered by the relevant authorities. The proposal will be considered by the relevant authorities.,education,2025-01-09,1
a viral video reportedly reveals a secret cure,A viral video reportedly reveals a secret cure. The report uses anonymous sources without identifying them. The claim has not been independently verified. The report provides no verifiable evidence for the claim.,transport,2025-08-10,0
industry analysts introduced updated information on updated safety measures,Industry analysts introduced updated safety measures. The organization said the program would be implemented in phases. Researchers said additional studies are needed to understand the long-term effects. The announcement included information about the project and its expected implementation.,business,2025-10-26,1
New report: health officials confirmed updated safety measures,Health officials confirmed updated safety measures. Researchers said additional studies are needed to understand the long-term effects. The study examined available evidence and identified several areas for further research. The announcement included information about the project and its expected implementation.,technology,2025-08-03,1
researchers approved updated information on an annual report,Researchers approved an annual report. The report included data collected over several months. Researchers said additional studies are needed to understand the long-term effects. The organization said the program would be implemented in phases.,education,2025-10-25,1
SHOCKING: a miraculous discovery is said to reveal by an unverified report,An unverified report is said to reveal a miraculous discovery. The source does not provide reliable documents or research. No independent organization has confirmed the claim. No independent organization has confirmed the claim.,health,2025-01-02,0
Secret discovery: a secret cure,An unverified report secretly announces a secret cure. No independent organization has confirmed the claim. The claim has not been independently verified. The report uses anonymous sources without identifying them.,business,2025-09-10,0
researchers reviewed updated information on the results of a study,Researchers reviewed the results of a study. Officials said the measure would be reviewed periodically. The study examined available evidence and identified several areas for further research. Officials encouraged the public to use information from reliable sources.,sports,2025-04-23,1
researchers examined an annual report,Researchers examined an annual report. The study examined available evidence and identified several areas for further research. The findings were presented during a public meeting. The report included data collected over several months.,sports,2025-10-23,1
company representatives approved an annual report,Company representatives approved an annual report. Officials said the measure would be reviewed periodically. The organization said the program would be implemented in phases. The company said more details would be provided after the review.,business,2025-05-28,1
Delhi: education officials published a new research report,Education officials published a new research report. The proposal will be considered by the relevant authorities. The proposal will be considered by the relevant authorities. The organization said the program would be implemented in phases.,health,2025-02-10,1
health officials reviewed an annual report,Health officials reviewed an annual report. Officials encouraged the public to use information from reliable sources. The company said more details would be provided after the review. The organization said the program would be implemented in phases.,space,2025-08-01,1
SHOCKING: a hidden international agreement secretly announces by an internet report,An internet report secretly announces a hidden international agreement. The claim has not been independently verified. The article asks readers to share the information immediately. The story contains sensational statements without supporting evidence.,space,2025-07-15,0
New report: researchers presented a public transport plan,Researchers presented a public transport plan. The proposal will be considered by the relevant authorities. Researchers said additional studies are needed to understand the long-term effects. Researchers said additional studies are needed to understand the long-term effects.,business,2025-03-23,1
Secret discovery: a mysterious experiment,An internet report claims a mysterious experiment. The report provides no verifiable evidence for the claim. The story says officials are hiding the information from the public. The information has circulated widely on social media.,government,2025-02-14,0
Secret discovery: an unbelievable breakthrough,A social media message supposedly proves an unbelievable breakthrough. The information has circulated widely on social media. The source does not provide reliable documents or research. The report uses anonymous sources without identifying them.,business,2025-12-19,0
BREAKING: a viral post claims a secret cure,A viral post claims a secret cure. The source does not provide reliable documents or research. The story contains sensational statements without supporting evidence. The story contains sensational statements without supporting evidence.,environment,2025-03-08,0
URGENT: a miraculous discovery reportedly discovered,An unverified article mysteriously claims a miraculous discovery. The source does not provide reliable documents or research. The claim has not been independently verified. The source does not provide reliable documents or research.,government,2025-09-27,0
scientists published updated information on a new policy proposal,Scientists published a new policy proposal. The proposal will be considered by the relevant authorities. The announcement included information about the project and its expected implementation. The findings were presented during a public meeting.,science,2025-09-10,1
VIRAL: a mysterious source is said to reveal a revolutionary invention,A mysterious source is said to reveal a revolutionary invention. The report uses anonymous sources without identifying them. The report provides no verifiable evidence for the claim. The article encourages readers to believe the information without providing reliable evidence.,sports,2025-09-26,0
VIRAL: a social media message alleges a shocking scientific discovery,A social media message alleges a shocking scientific discovery. The report uses anonymous sources without identifying them. The claim has not been independently verified. The source does not provide reliable documents or research.,sports,2025-11-20,0
SHOCKING: a shocking scientific discovery mysteriously claims by an unverified report,An unverified report mysteriously claims a shocking scientific discovery. The report uses anonymous sources without identifying them. The claim has not been independently verified. The article asks readers to share the information immediately.,space,2025-03-16,0
URGENT: a miraculous discovery reportedly discovered,A viral post secretly announces a miraculous discovery. The claim has not been independently verified. The report provides no verifiable evidence for the claim. The report uses anonymous sources without identifying them.,space,2025-03-07,0
Secret discovery: a hidden technology,A social media message reportedly reveals a hidden technology. The report provides no verifiable evidence for the claim. The article encourages readers to believe the information without providing reliable evidence. The information has circulated widely on social media.,sports,2025-01-06,0
Secret discovery: a hidden international agreement,An anonymous source claims a hidden international agreement. The story contains sensational statements without supporting evidence. The claim has not been independently verified. The article encourages readers to believe the information without providing reliable evidence.,sports,2025-05-10,0
New report: health officials published a new development program,Health officials published a new development program. The announcement included information about the project and its expected implementation. The report included data collected over several months. The report included data collected over several months.,science,2025-10-25,1
Mumbai: researchers released a new development program,Researchers released a new development program. The organization said the program would be implemented in phases. Researchers said additional studies are needed to understand the long-term effects. The report included data collected over several months.,health,2025-02-14,1
New report: researchers published a research project,Researchers published a research project. The report included data collected over several months. The study examined available evidence and identified several areas for further research. The proposal will be considered by the relevant authorities.,environment,2025-01-21,1
Secret discovery: a hidden technology,A viral video apparently confirms a hidden technology. The claim has not been independently verified. The article asks readers to share the information immediately. The article encourages readers to believe the information without providing reliable evidence.,sports,2025-08-21,0
Delhi authorities reported an annual report,Scientists reported an annual report. The company said more details would be provided after the review. Researchers said additional studies are needed to understand the long-term effects. The announcement included information about the project and its expected implementation.,technology,2025-02-21,1
Kolkata: education officials confirmed a new policy proposal,Education officials confirmed a new policy proposal. The announcement included information about the project and its expected implementation. Officials said the measure would be reviewed periodically. The study examined available evidence and identified several areas for further research.,business,2025-04-15,1
researchers released a new research report,Researchers released a new research report. The findings were presented during a public meeting. The proposal will be considered by the relevant authorities. The company said more details would be provided after the review.,space,2025-02-11,1
URGENT: a hidden technology reportedly discovered,A social media message apparently confirms a hidden technology. The source does not provide reliable documents or research. The article encourages readers to believe the information without providing reliable evidence. The report provides no verifiable evidence for the claim.,space,2025-03-15,0
Hyderabad authorities confirmed a technology update,Local authorities confirmed a technology update. Researchers said additional studies are needed to understand the long-term effects. Officials encouraged the public to use information from reliable sources. The announcement included information about the project and its expected implementation.,environment,2025-05-16,1
VIRAL: a sensational website mysteriously claims a shocking scientific discovery,A sensational website mysteriously claims a shocking scientific discovery. The story contains sensational statements without supporting evidence. The claim has not been independently verified. No independent organization has confirmed the claim.,health,2025-11-22,0
Pune authorities approved updated public guidance,Scientists approved updated public guidance. The study examined available evidence and identified several areas for further research. Researchers said additional studies are needed to understand the long-term effects. Officials said the measure would be reviewed periodically.,business,2025-05-02,1
the country authorities reviewed updated safety measures,Company representatives reviewed updated safety measures. Officials encouraged the public to use information from reliable sources. The proposal will be considered by the relevant authorities. The organization said the program would be implemented in phases.,sports,2025-08-21,1
New report: company representatives reviewed a new research report,Company representatives reviewed a new research report. The proposal will be considered by the relevant authorities. The proposal will be considered by the relevant authorities. Researchers said additional studies are needed to understand the long-term effects.,technology,2025-03-18,1
VIRAL: an unverified article is said to reveal a miraculous discovery,An unverified article is said to reveal a miraculous discovery. The claim has not been independently verified. The source does not provide reliable documents or research. The source does not provide reliable documents or research.,health,2025-12-23,0
a sensational website reportedly reveals a hidden international agreement,A sensational website reportedly reveals a hidden international agreement. The story contains sensational statements without supporting evidence. The report uses anonymous sources without identifying them. The source does not provide reliable documents or research.,sports,2025-09-06,0
company representatives reported updated information on a new research report,Company representatives reported a new research report. The findings were presented during a public meeting. The proposal will be considered by the relevant authorities. The report included data collected over several months.,sports,2025-09-07,1
VIRAL: a sensational website secretly announces a miraculous discovery,A sensational website secretly announces a miraculous discovery. The story says officials are hiding the information from the public. The article encourages readers to believe the information without providing reliable evidence. The story contains sensational statements without supporting evidence.,space,2025-09-08,0
education officials examined updated information on updated public guidance,Education officials examined updated public guidance. The study examined available evidence and identified several areas for further research. Officials encouraged the public to use information from reliable sources. The study examined available evidence and identified several areas for further research.,technology,2025-02-06,1
URGENT: a secret government plan reportedly discovered,An unverified report alleges a secret government plan. The story contains sensational statements without supporting evidence. The story says officials are hiding the information from the public. The claim has not been independently verified.,government,2025-02-16,0
an online claim apparently confirms a completely unknown city,An online claim apparently confirms a completely unknown city. The article encourages readers to believe the information without providing reliable evidence. The article asks readers to share the information immediately. The story contains sensational statements without supporting evidence.,business,2025-12-28,0
SHOCKING: a shocking scientific discovery supposedly proves by a viral video,A viral video supposedly proves a shocking scientific discovery. The article encourages readers to believe the information without providing reliable evidence. The article asks readers to share the information immediately. The report provides no verifiable evidence for the claim.,space,2025-07-16,0
a sensational website apparently confirms a mysterious experiment,A sensational website apparently confirms a mysterious experiment. The report provides no verifiable evidence for the claim. The information has circulated widely on social media. No independent organization has confirmed the claim.,science,2025-06-14,0
researchers examined updated information on a technology update,Researchers examined a technology update. The findings were presented during a public meeting. The findings were presented during a public meeting. Officials encouraged the public to use information from reliable sources.,environment,2025-09-25,1
Secret discovery: a revolutionary invention,An online claim is said to reveal a revolutionary invention. The information has circulated widely on social media. The article encourages readers to believe the information without providing reliable evidence. The story says officials are hiding the information from the public.,science,2025-08-07,0
BREAKING: a mysterious source reportedly reveals a revolutionary invention,A mysterious source reportedly reveals a revolutionary invention. The story contains sensational statements without supporting evidence. The claim has not been independently verified. The report provides no verifiable evidence for the claim.,government,2025-12-18,0
Secret discovery: a hidden international agreement,An unverified report secretly announces a hidden international agreement. The report uses anonymous sources without identifying them. The report provides no verifiable evidence for the claim. The report provides no verifiable evidence for the claim.,business,2025-02-28,0
transport authorities reported updated information on updated safety measures,Transport authorities reported updated safety measures. The study examined available evidence and identified several areas for further research. The organization said the program would be implemented in phases. Officials said the measure would be reviewed periodically.,space,2025-07-21,1
Hyderabad authorities presented a research project,University researchers presented a research project. The company said more details would be provided after the review. The report included data collected over several months. The announcement included information about the project and its expected implementation.,transport,2025-05-14,1
Secret discovery: a hidden technology,An anonymous source reportedly reveals a hidden technology. The claim has not been independently verified. The story says officials are hiding the information from the public. The information has circulated widely on social media.,government,2025-07-09,0
VIRAL: an anonymous source alleges a secret cure,An anonymous source alleges a secret cure. The information has circulated widely on social media. The article encourages readers to believe the information without providing reliable evidence. No independent organization has confirmed the claim.,space,2025-01-27,0
Bengaluru: researchers introduced a new policy proposal,Researchers introduced a new policy proposal. The report included data collected over several months. The organization said the program would be implemented in phases. The announcement included information about the project and its expected implementation.,technology,2025-07-08,1
BREAKING: a mysterious source mysteriously claims a completely unknown city,A mysterious source mysteriously claims a completely unknown city. The report uses anonymous sources without identifying them. The report uses anonymous sources without identifying them. The article encourages readers to believe the information without providing reliable evidence.,transport,2025-02-28,0
SHOCKING: an unbelievable breakthrough reportedly reveals by a viral video,A viral video reportedly reveals an unbelievable breakthrough. The article asks readers to share the information immediately. The story says officials are hiding the information from the public. The information has circulated widely on social media.,sports,2025-10-11,0
scientists examined a public transport plan,Scientists examined a public transport plan. The study examined available evidence and identified several areas for further research. Officials encouraged the public to use information from reliable sources. Officials encouraged the public to use information from reliable sources.,education,2025-08-20,1
URGENT: a hidden international agreement reportedly discovered,A viral video secretly announces a hidden international agreement. No independent organization has confirmed the claim. The claim has not been independently verified. The source does not provide reliable documents or research.,government,2025-07-13,0
an internet report reportedly reveals a completely unknown city,An internet report reportedly reveals a completely unknown city. The information has circulated widely on social media. The article encourages readers to believe the information without providing reliable evidence. The report uses anonymous sources without identifying them.,health,2025-06-28,0
Pune authorities released a research project,Researchers released a research project. The announcement included information about the project and its expected implementation. The company said more details would be provided after the review. Officials encouraged the public to use information from reliable sources.,science,2025-08-17,1
VIRAL: an unverified article claims a secret cure,An unverified article claims a secret cure. No independent organization has confirmed the claim. The report provides no verifiable evidence for the claim. The report provides no verifiable evidence for the claim.,science,2025-04-23,0
Secret discovery: a revolutionary invention,A sensational website secretly announces a revolutionary invention. The information has circulated widely on social media. The claim has not been independently verified. The report provides no verifiable evidence for the claim.,government,2025-08-05,0
Mumbai authorities announced a new policy proposal,Local authorities announced a new policy proposal. Researchers said additional studies are needed to understand the long-term effects. The organization said the program would be implemented in phases. The announcement included information about the project and its expected implementation.,transport,2025-11-27,1
university researchers reported updated information on a new development program,University researchers reported a new development program. Officials said the measure would be reviewed periodically. The announcement included information about the project and its expected implementation. The study examined available evidence and identified several areas for further research.,government,2025-06-04,1
an unverified article mysteriously claims a secret cure,An unverified article mysteriously claims a secret cure. The report uses anonymous sources without identifying them. The source does not provide reliable documents or research. No independent organization has confirmed the claim.,technology,2025-04-05,0
URGENT: a shocking scientific discovery reportedly discovered,An online claim apparently confirms a shocking scientific discovery. The story says officials are hiding the information from the public. The article encourages readers to believe the information without providing reliable evidence. The article encourages readers to believe the information without providing reliable evidence.,government,2025-04-18,0
Chennai authorities presented an annual report,Researchers presented an annual report. The study examined available evidence and identified several areas for further research. The study examined available evidence and identified several areas for further research. The company said more details would be provided after the review.,education,2025-06-28,1
VIRAL: an anonymous source claims a shocking scientific discovery,An anonymous source claims a shocking scientific discovery. The report provides no verifiable evidence for the claim. No independent organization has confirmed the claim. No independent organization has confirmed the claim.,technology,2025-02-20,0
transport authorities announced updated information on a research project,Transport authorities announced a research project. The organization said the program would be implemented in phases. Researchers said additional studies are needed to understand the long-term effects. The proposal will be considered by the relevant authorities.,government,2025-09-17,1
Pune: local authorities approved updated public guidance,Local authorities approved updated public guidance. The organization said the program would be implemented in phases. The report included data collected over several months. The study examined available evidence and identified several areas for further research.,education,2025-01-04,1
Chennai: education officials approved updated safety measures,Education officials approved updated safety measures. Officials encouraged the public to use information from reliable sources. The announcement included information about the project and its expected implementation. The company said more details would be provided after the review.,health,2025-05-06,1
Delhi: government officials presented a new policy proposal,Government officials presented a new policy proposal. The report included data collected over several months. Officials said the measure would be reviewed periodically. The findings were presented during a public meeting.,science,2025-11-16,1
Secret discovery: an unbelievable breakthrough,An unverified report claims an unbelievable breakthrough. The story says officials are hiding the information from the public. No independent organization has confirmed the claim. No independent organization has confirmed the claim.,education,2025-11-03,0
URGENT: an unbelievable breakthrough reportedly discovered,A mysterious source is said to reveal an unbelievable breakthrough. The story contains sensational statements without supporting evidence. The report uses anonymous sources without identifying them. The story contains sensational statements without supporting evidence.,environment,2025-11-20,0
URGENT: a secret government plan reportedly discovered,A sensational website supposedly proves a secret government plan. The report provides no verifiable evidence for the claim. The story says officials are hiding the information from the public. The information has circulated widely on social media.,education,2025-11-28,0
India authorities reported a research project,Government officials reported a research project. The organization said the program would be implemented in phases. The proposal will be considered by the relevant authorities. The proposal will be considered by the relevant authorities.,space,2025-05-24,1
URGENT: a secret government plan reportedly discovered,An anonymous source mysteriously claims a secret government plan. No independent organization has confirmed the claim. No independent organization has confirmed the claim. The report uses anonymous sources without identifying them.,business,2025-05-27,0
university researchers approved updated information on updated public guidance,University researchers approved updated public guidance. Researchers said additional studies are needed to understand the long-term effects. The report included data collected over several months. Officials encouraged the public to use information from reliable sources.,government,2025-05-14,1
a sensational website apparently confirms a revolutionary invention,A sensational website apparently confirms a revolutionary invention. The source does not provide reliable documents or research. The story contains sensational statements without supporting evidence. The claim has not been independently verified.,sports,2025-03-19,0
Secret discovery: a shocking scientific discovery,A viral post reportedly reveals a shocking scientific discovery. The report provides no verifiable evidence for the claim. The story says officials are hiding the information from the public. The article asks readers to share the information immediately.,transport,2025-10-14,0
New report: industry analysts confirmed an annual report,Industry analysts confirmed an annual report. The study examined available evidence and identified several areas for further research. The company said more details would be provided after the review. The proposal will be considered by the relevant authorities.,transport,2025-09-09,1
a sensational website is said to reveal a secret government plan,A sensational website is said to reveal a secret government plan. The report provides no verifiable evidence for the claim. The information has circulated widely on social media. The source does not provide reliable documents or research.,technology,2025-04-17,0
URGENT: a miraculous discovery reportedly discovered,A viral post secretly announces a miraculous discovery. No independent organization has confirmed the claim. The story says officials are hiding the information from the public. The report provides no verifiable evidence for the claim.,sports,2025-11-27,0
industry analysts published updated information on a new development program,Industry analysts published a new development program. The findings were presented during a public meeting. Researchers said additional studies are needed to understand the long-term effects. The report included data collected over several months.,transport,2025-04-09,1
government officials announced updated information on updated safety measures,Government officials announced updated safety measures. Officials said the measure would be reviewed periodically. The findings were presented during a public meeting. The findings were presented during a public meeting.,education,2025-02-14,1
Secret discovery: a secret government plan,An unverified article reportedly reveals a secret government plan. The article encourages readers to believe the information without providing reliable evidence. The report provides no verifiable evidence for the claim. The source does not provide reliable documents or research.,health,2025-02-28,0
company representatives approved updated public guidance,Company representatives approved updated public guidance. The study examined available evidence and identified several areas for further research. The proposal will be considered by the relevant authorities. The announcement included information about the project and its expected implementation.,sports,2025-11-11,1
Chennai: company representatives announced a new research report,Company representatives announced a new research report. The organization said the program would be implemented in phases. Researchers said additional studies are needed to understand the long-term effects. The organization said the program would be implemented in phases.,government,2025-09-22,1
Mumbai: university researchers examined an annual report,University researchers examined an annual report. The announcement included information about the project and its expected implementation. The company said more details would be provided after the review. Officials said the measure would be reviewed periodically.,health,2025-05-04,1
Chennai: local authorities presented updated safety measures,Local authorities presented updated safety measures. The proposal will be considered by the relevant authorities. Officials encouraged the public to use information from reliable sources. The report included data collected over several months.,education,2025-02-11,1
Secret discovery: a shocking scientific discovery,An unverified report reportedly reveals a shocking scientific discovery. The article encourages readers to believe the information without providing reliable evidence. The article asks readers to share the information immediately. The story says officials are hiding the information from the public.,health,2025-05-10,0
SHOCKING: an unbelievable breakthrough claims by a viral video,A viral video claims an unbelievable breakthrough. The report provides no verifiable evidence for the claim. The article asks readers to share the information immediately. The source does not provide reliable documents or research.,health,2025-09-13,0
local authorities reported updated information on updated public guidance,Local authorities reported updated public guidance. The proposal will be considered by the relevant authorities. Officials said the measure would be reviewed periodically. The company said more details would be provided after the review.,technology,2025-03-26,1
BREAKING: a mysterious source mysteriously claims a secret cure,A mysterious source mysteriously claims a secret cure. The information has circulated widely on social media. The story says officials are hiding the information from the public. The claim has not been independently verified.,government,2025-11-24,0
scientists presented a public transport plan,Scientists presented a public transport plan. Officials encouraged the public to use information from reliable sources. The announcement included information about the project and its expected implementation. The study examined available evidence and identified several areas for further research.,technology,2025-06-27,1
education officials announced updated information on a new policy proposal,Education officials announced a new policy proposal. The company said more details would be provided after the review. Officials encouraged the public to use information from reliable sources. The announcement included information about the project and its expected implementation.,environment,2025-11-24,1
Hyderabad: scientists presented an annual report,Scientists presented an annual report. Researchers said additional studies are needed to understand the long-term effects. The company said more details would be provided after the review. Officials encouraged the public to use information from reliable sources.,technology,2025-03-01,1
New report: researchers reviewed a new development program,Researchers reviewed a new development program. The organization said the program would be implemented in phases. Officials encouraged the public to use information from reliable sources. The announcement included information about the project and its expected implementation.,technology,2025-06-16,1
Mumbai authorities presented the results of a study,University researchers presented the results of a study. The proposal will be considered by the relevant authorities. The study examined available evidence and identified several areas for further research. The proposal will be considered by the relevant authorities.,health,2025-12-19,1
VIRAL: a sensational website alleges a secret cure,A sensational website alleges a secret cure. The information has circulated widely on social media. The article encourages readers to believe the information without providing reliable evidence. The article asks readers to share the information immediately.,science,2025-03-26,0
an internet report supposedly proves a revolutionary invention,An internet report supposedly proves a revolutionary invention. The story says officials are hiding the information from the public. The report provides no verifiable evidence for the claim. The report uses anonymous sources without identifying them.,environment,2025-03-05,0
URGENT: a hidden technology reportedly discovered,An unverified article apparently confirms a hidden technology. The article asks readers to share the information immediately. The claim has not been independently verified. The source does not provide reliable documents or research.,sports,2025-09-25,0
BREAKING: a social media message is said to reveal a miraculous discovery,A social media message is said to reveal a miraculous discovery. The article asks readers to share the information immediately. The report uses anonymous sources without identifying them. The article asks readers to share the information immediately.,environment,2025-02-09,0
Mumbai: scientists approved a technology update,Scientists approved a technology update. The proposal will be considered by the relevant authorities. The organization said the program would be implemented in phases. The announcement included information about the project and its expected implementation.,space,2025-06-25,1
New Delhi: company representatives reviewed a new policy proposal,Company representatives reviewed a new policy proposal. The proposal will be considered by the relevant authorities. Officials encouraged the public to use information from reliable sources. The proposal will be considered by the relevant authorities.,technology,2025-03-01,1
Secret discovery: a secret cure,An anonymous source supposedly proves a secret cure. The information has circulated widely on social media. The article asks readers to share the information immediately. No independent organization has confirmed the claim.,health,2025-09-12,0
Secret discovery: an unbelievable breakthrough,A social media message alleges an unbelievable breakthrough. The article asks readers to share the information immediately. The claim has not been independently verified. No independent organization has confirmed the claim.,health,2025-08-13,0
company representatives reported updated information on a research project,Company representatives reported a research project. The study examined available evidence and identified several areas for further research. The announcement included information about the project and its expected implementation. The study examined available evidence and identified several areas for further research.,environment,2025-07-25,1
a mysterious source apparently confirms a hidden international agreement,A mysterious source apparently confirms a hidden international agreement. The claim has not been independently verified. The report provides no verifiable evidence for the claim. The story says officials are hiding the information from the public.,space,2025-05-25,0
VIRAL: a viral video reportedly reveals a shocking scientific discovery,A viral video reportedly reveals a shocking scientific discovery. The claim has not been independently verified. The information has circulated widely on social media. The story says officials are hiding the information from the public.,business,2025-04-07,0
SHOCKING: a mysterious experiment supposedly proves by an anonymous source,An anonymous source supposedly proves a mysterious experiment. The article asks readers to share the information immediately. The story says officials are hiding the information from the public. The report provides no verifiable evidence for the claim.,education,2025-07-28,0
health officials released updated information on updated safety measures,Health officials released updated safety measures. Officials encouraged the public to use information from reliable sources. The announcement included information about the project and its expected implementation. The organization said the program would be implemented in phases.,government,2025-09-25,1
a sensational website supposedly proves an unbelievable breakthrough,A sensational website supposedly proves an unbelievable breakthrough. The report uses anonymous sources without identifying them. The claim has not been independently verified. The claim has not been independently verified.,business,2025-07-24,0
education officials approved updated information on updated public guidance,Education officials approved updated public guidance. The company said more details would be provided after the review. Researchers said additional studies are needed to understand the long-term effects. The study examined available evidence and identified several areas for further research.,education,2025-04-17,1
the country authorities presented a new development program,Scientists presented a new development program. The report included data collected over several months. The report included data collected over several months. The organization said the program would be implemented in phases.,transport,2025-08-22,1
Secret discovery: a secret government plan,An internet report alleges a secret government plan. The article asks readers to share the information immediately. The report provides no verifiable evidence for the claim. The article asks readers to share the information immediately.,transport,2025-06-17,0
BREAKING: an internet report supposedly proves a miraculous discovery,An internet report supposedly proves a miraculous discovery. The claim has not been independently verified. The article asks readers to share the information immediately. The source does not provide reliable documents or research.,education,2025-10-07,0
education officials reviewed the results of a study,Education officials reviewed the results of a study. The organization said the program would be implemented in phases. The proposal will be considered by the relevant authorities. The findings were presented during a public meeting.,technology,2025-11-03,1
Chennai authorities released a technology update,Company representatives released a technology update. The company said more details would be provided after the review. The announcement included information about the project and its expected implementation. The announcement included information about the project and its expected implementation.,education,2025-09-20,1
university researchers introduced updated information on a new development program,University researchers introduced a new development program. Researchers said additional studies are needed to understand the long-term effects. Researchers said additional studies are needed to understand the long-term effects. The company said more details would be provided after the review.,health,2025-06-17,1
Delhi authorities announced an annual report,Industry analysts announced an annual report. The report included data collected over several months. The announcement included information about the project and its expected implementation. The report included data collected over several months.,education,2025-02-19,1
a mysterious source is said to reveal an unbelievable breakthrough,A mysterious source is said to reveal an unbelievable breakthrough. The source does not provide reliable documents or research. The report provides no verifiable evidence for the claim. The information has circulated widely on social media.,education,2025-01-19,0
URGENT: an unbelievable breakthrough reportedly discovered,An anonymous source secretly announces an unbelievable breakthrough. The information has circulated widely on social media. The report provides no verifiable evidence for the claim. The story contains sensational statements without supporting evidence.,business,2025-09-26,0
VIRAL: a sensational website apparently confirms an unbelievable breakthrough,A sensational website apparently confirms an unbelievable breakthrough. No independent organization has confirmed the claim. The report uses anonymous sources without identifying them. The story says officials are hiding the information from the public.,health,2025-05-01,0
BREAKING: an online claim is said to reveal a secret government plan,An online claim is said to reveal a secret government plan. The story says officials are hiding the information from the public. The report uses anonymous sources without identifying them. The report provides no verifiable evidence for the claim.,technology,2025-03-15,0
Secret discovery: a completely unknown city,An anonymous source claims a completely unknown city. The report uses anonymous sources without identifying them. The story says officials are hiding the information from the public. The report uses anonymous sources without identifying them.,government,2025-06-18,0
government officials introduced updated information on the results of a study,Government officials introduced the results of a study. The organization said the program would be implemented in phases. The company said more details would be provided after the review. Officials said the measure would be reviewed periodically.,environment,2025-03-09,1
VIRAL: an online claim reportedly reveals a hidden technology,An online claim reportedly reveals a hidden technology. The article encourages readers to believe the information without providing reliable evidence. The article asks readers to share the information immediately. The report uses anonymous sources without identifying them.,business,2025-01-08,0
New report: transport authorities reviewed a new policy proposal,Transport authorities reviewed a new policy proposal. The company said more details would be provided after the review. Researchers said additional studies are needed to understand the long-term effects. Researchers said additional studies are needed to understand the long-term effects.,education,2025-09-22,1
Kolkata: health officials reported a public transport plan,Health officials reported a public transport plan. The organization said the program would be implemented in phases. Researchers said additional studies are needed to understand the long-term effects. The findings were presented during a public meeting.,business,2025-07-07,1
URGENT: a hidden international agreement reportedly discovered,An online claim secretly announces a hidden international agreement. The article asks readers to share the information immediately. The story says officials are hiding the information from the public. The source does not provide reliable documents or research.,space,2025-11-21,0
New report: researchers introduced an annual report,Researchers introduced an annual report. The organization said the program would be implemented in phases. The study examined available evidence and identified several areas for further research. The announcement included information about the project and its expected implementation.,health,2025-03-26,1
SHOCKING: a secret cure mysteriously claims by an online claim,An online claim mysteriously claims a secret cure. The article asks readers to share the information immediately. The information has circulated widely on social media. The article encourages readers to believe the information without providing reliable evidence.,government,2025-10-16,0
Hyderabad: scientists reported a technology update,Scientists reported a technology update. Officials encouraged the public to use information from reliable sources. Researchers said additional studies are needed to understand the long-term effects. The proposal will be considered by the relevant authorities.,education,2025-07-02,1
SHOCKING: a hidden technology is said to reveal by a mysterious source,A mysterious source is said to reveal a hidden technology. No independent organization has confirmed the claim. The article encourages readers to believe the information without providing reliable evidence. The story contains sensational statements without supporting evidence.,business,2025-10-01,0
Secret discovery: a secret government plan,An anonymous source mysteriously claims a secret government plan. The article encourages readers to believe the information without providing reliable evidence. The story says officials are hiding the information from the public. The report uses anonymous sources without identifying them.,transport,2025-11-19,0
Kolkata: industry analysts published updated public guidance,Industry analysts published updated public guidance. The report included data collected over several months. Officials said the measure would be reviewed periodically. The company said more details would be provided after the review.,education,2025-03-28,1
New report: local authorities presented updated public guidance,Local authorities presented updated public guidance. The company said more details would be provided after the review. The announcement included information about the project and its expected implementation. The organization said the program would be implemented in phases.,transport,2025-11-06,1
SHOCKING: a revolutionary invention claims by a social media message,A social media message claims a revolutionary invention. No independent organization has confirmed the claim. The story contains sensational statements without supporting evidence. The report provides no verifiable evidence for the claim.,education,2025-09-17,0
a social media message alleges a hidden technology,A social media message alleges a hidden technology. The article asks readers to share the information immediately. The claim has not been independently verified. The information has circulated widely on social media.,environment,2025-10-05,0
New report: university researchers announced a new development program,University researchers announced a new development program. The findings were presented during a public meeting. The study examined available evidence and identified several areas for further research. The proposal will be considered by the relevant authorities.,business,2025-03-04,1
scientists presented updated information on a new development program,Scientists presented a new development program. The study examined available evidence and identified several areas for further research. Officials said the measure would be reviewed periodically. The company said more details would be provided after the review.,transport,2025-11-18,1
URGENT: a revolutionary invention reportedly discovered,A social media message mysteriously claims a revolutionary invention. The source does not provide reliable documents or research. No independent organization has confirmed the claim. The information has circulated widely on social media.,transport,2025-02-08,0
local authorities reported updated information on a technology update,Local authorities reported a technology update. The company said more details would be provided after the review. The findings were presented during a public meeting. The findings were presented during a public meeting.,sports,2025-07-22,1
Bengaluru: government officials released the results of a study,Government officials released the results of a study. The report included data collected over several months. The organization said the program would be implemented in phases. Researchers said additional studies are needed to understand the long-term effects.,business,2025-09-08,1
URGENT: a mysterious experiment reportedly discovered,A viral post secretly announces a mysterious experiment. The story says officials are hiding the information from the public. The claim has not been independently verified. The source does not provide reliable documents or research.,transport,2025-09-27,0
URGENT: a secret cure reportedly discovered,A viral video mysteriously claims a secret cure. The story says officials are hiding the information from the public. The article encourages readers to believe the information without providing reliable evidence. The story says officials are hiding the information from the public.,space,2025-03-21,0
BREAKING: an unverified report claims a revolutionary invention,An unverified report claims a revolutionary invention. No independent organization has confirmed the claim. The report uses anonymous sources without identifying them. The article encourages readers to believe the information without providing reliable evidence.,transport,2025-08-06,0
Secret discovery: a shocking scientific discovery,An online claim secretly announces a shocking scientific discovery. The information has circulated widely on social media. The report uses anonymous sources without identifying them. The source does not provide reliable documents or research.,health,2025-09-28,0
VIRAL: an online claim reportedly reveals a revolutionary invention,An online claim reportedly reveals a revolutionary invention. The article encourages readers to believe the information without providing reliable evidence. The story says officials are hiding the information from the public. The article asks readers to share the information immediately.,business,2025-02-08,0
BREAKING: a viral post alleges a hidden technology,A viral post alleges a hidden technology. The article encourages readers to believe the information without providing reliable evidence. The story says officials are hiding the information from the public. No independent organization has confirmed the claim.,environment,2025-02-19,0
BREAKING: an unverified report apparently confirms a revolutionary invention,An unverified report apparently confirms a revolutionary invention. No independent organization has confirmed the claim. The source does not provide reliable documents or research. The source does not provide reliable documents or research.,transport,2025-02-22,0
Secret discovery: a completely unknown city,A sensational website claims a completely unknown city. The source does not provide reliable documents or research. The source does not provide reliable documents or research. The story says officials are hiding the information from the public.,education,2025-05-17,0
URGENT: a shocking scientific discovery reportedly discovered,A mysterious source mysteriously claims a shocking scientific discovery. The information has circulated widely on social media. The report provides no verifiable evidence for the claim. The report provides no verifiable evidence for the claim.,space,2025-04-24,0
URGENT: a shocking scientific discovery reportedly discovered,A mysterious source reportedly reveals a shocking scientific discovery. The information has circulated widely on social media. The story contains sensational statements without supporting evidence. The claim has not been independently verified.,environment,2025-02-27,0
Bengaluru authorities confirmed a new policy proposal,Government officials confirmed a new policy proposal. Officials said the measure would be reviewed periodically. The organization said the program would be implemented in phases. The company said more details would be provided after the review.,transport,2025-11-27,1
BREAKING: a viral post supposedly proves a mysterious experiment,A viral post supposedly proves a mysterious experiment. The story says officials are hiding the information from the public. The information has circulated widely on social media. The report uses anonymous sources without identifying them.,technology,2025-10-21,0
government officials published a public transport plan,Government officials published a public transport plan. The organization said the program would be implemented in phases. The report included data collected over several months. The report included data collected over several months.,sports,2025-08-03,1
an anonymous source reportedly reveals a shocking scientific discovery,An anonymous source reportedly reveals a shocking scientific discovery. The information has circulated widely on social media. The source does not provide reliable documents or research. The report uses anonymous sources without identifying them.,technology,2025-06-09,0
researchers confirmed updated safety measures,Researchers confirmed updated safety measures. The findings were presented during a public meeting. The company said more details would be provided after the review. The organization said the program would be implemented in phases.,government,2025-09-05,1
Pune authorities approved a new policy proposal,Company representatives approved a new policy proposal. The study examined available evidence and identified several areas for further research. Officials said the measure would be reviewed periodically. The organization said the program would be implemented in phases.,space,2025-12-21,1
Pune authorities published a new policy proposal,Health officials published a new policy proposal. The report included data collected over several months. The findings were presented during a public meeting. The study examined available evidence and identified several areas for further research.,technology,2025-03-23,1
URGENT: a mysterious experiment reportedly discovered,A sensational website is said to reveal a mysterious experiment. The story contains sensational statements without supporting evidence. The article encourages readers to believe the information without providing reliable evidence. The source does not provide reliable documents or research.,sports,2025-03-19,0
Secret discovery: a shocking scientific discovery,An online claim mysteriously claims a shocking scientific discovery. The story says officials are hiding the information from the public. The story contains sensational statements without supporting evidence. The information has circulated widely on social media.,business,2025-11-09,0
SHOCKING: a hidden technology mysteriously claims by an unverified report,An unverified report mysteriously claims a hidden technology. The article asks readers to share the information immediately. The article encourages readers to believe the information without providing reliable evidence. The article asks readers to share the information immediately.,transport,2025-01-14,0
industry analysts examined updated information on a research project,Industry analysts examined a research project. The proposal will be considered by the relevant authorities. The study examined available evidence and identified several areas for further research. The report included data collected over several months.,education,2025-12-12,1
health officials introduced updated information on the results of a study,Health officials introduced the results of a study. Officials said the measure would be reviewed periodically. The report included data collected over several months. The proposal will be considered by the relevant authorities.,transport,2025-05-25,1
URGENT: a mysterious experiment reportedly discovered,A sensational website apparently confirms a mysterious experiment. The report provides no verifiable evidence for the claim. The story says officials are hiding the information from the public. The source does not provide reliable documents or research.,science,2025-07-23,0
BREAKING: a mysterious source supposedly proves a shocking scientific discovery,A mysterious source supposedly proves a shocking scientific discovery. The claim has not been independently verified. The story says officials are hiding the information from the public. The report provides no verifiable evidence for the claim.,environment,2025-03-02,0
an internet report apparently confirms a hidden international agreement,An internet report apparently confirms a hidden international agreement. The claim has not been independently verified. The story contains sensational statements without supporting evidence. The source does not provide reliable documents or research.,sports,2025-08-07,0
a social media message apparently confirms a secret government plan,A social media message apparently confirms a secret government plan. The story contains sensational statements without supporting evidence. The story says officials are hiding the information from the public. The information has circulated widely on social media.,sports,2025-05-26,0
university researchers introduced updated information on a technology update,University researchers introduced a technology update. Officials said the measure would be reviewed periodically. Officials said the measure would be reviewed periodically. Officials encouraged the public to use information from reliable sources.,science,2025-12-15,1
Bengaluru: company representatives approved an annual report,Company representatives approved an annual report. The company said more details would be provided after the review. Researchers said additional studies are needed to understand the long-term effects. Officials encouraged the public to use information from reliable sources.,education,2025-01-25,1
Secret discovery: a shocking scientific discovery,An online claim apparently confirms a shocking scientific discovery. The article encourages readers to believe the information without providing reliable evidence. The source does not provide reliable documents or research. The story contains sensational statements without supporting evidence.,science,2025-02-09,0
Bengaluru: education officials released the results of a study,Education officials released the results of a study. Researchers said additional studies are needed to understand the long-term effects. The organization said the program would be implemented in phases. The organization said the program would be implemented in phases.,transport,2025-05-03,1
VIRAL: a viral post reportedly reveals a shocking scientific discovery,A viral post reportedly reveals a shocking scientific discovery. The report uses anonymous sources without identifying them. The report provides no verifiable evidence for the claim. The story contains sensational statements without supporting evidence.,environment,2025-09-11,0
university researchers examined a new development program,University researchers examined a new development program. The findings were presented during a public meeting. The findings were presented during a public meeting. The company said more details would be provided after the review.,science,2025-05-05,1
transport authorities published updated information on the results of a study,Transport authorities published the results of a study. The findings were presented during a public meeting. The announcement included information about the project and its expected implementation. The company said more details would be provided after the review.,space,2025-09-19,1
URGENT: a completely unknown city reportedly discovered,A viral video is said to reveal a completely unknown city. The story says officials are hiding the information from the public. The story contains sensational statements without supporting evidence. No independent organization has confirmed the claim.,government,2025-06-04,0
VIRAL: an internet report apparently confirms an unbelievable breakthrough,An internet report apparently confirms an unbelievable breakthrough. The story contains sensational statements without supporting evidence. The story contains sensational statements without supporting evidence. The article asks readers to share the information immediately.,education,2025-12-27,0
New report: researchers examined updated public guidance,Researchers examined updated public guidance. The study examined available evidence and identified several areas for further research. Officials encouraged the public to use information from reliable sources. The findings were presented during a public meeting.,health,2025-10-10,1
health officials reviewed a research project,Health officials reviewed a research project. Officials said the measure would be reviewed periodically. The findings were presented during a public meeting. The findings were presented during a public meeting.,government,2025-03-20,1
an unverified report supposedly proves an unbelievable breakthrough,An unverified report supposedly proves an unbelievable breakthrough. The claim has not been independently verified. The claim has not been independently verified. The claim has not been independently verified.,transport,2025-12-19,0
industry analysts published a research project,Industry analysts published a research project. The report included data collected over several months. The findings were presented during a public meeting. The company said more details would be provided after the review.,sports,2025-07-27,1
education officials published updated information on an annual report,Education officials published an annual report. Officials encouraged the public to use information from reliable sources. The report included data collected over several months. The organization said the program would be implemented in phases.,health,2025-01-03,1
BREAKING: a mysterious source is said to reveal a miraculous discovery,A mysterious source is said to reveal a miraculous discovery. The claim has not been independently verified. The story says officials are hiding the information from the public. The report provides no verifiable evidence for the claim.,health,2025-03-28,0
Mumbai: scientists reported a technology update,Scientists reported a technology update. The report included data collected over several months. The company said more details would be provided after the review. The study examined available evidence and identified several areas for further research.,health,2025-11-10,1
an anonymous source reportedly reveals a mysterious experiment,An anonymous source reportedly reveals a mysterious experiment. The source does not provide reliable documents or research. The claim has not been independently verified. The story contains sensational statements without supporting evidence.,transport,2025-01-25,0
New report: university researchers approved updated safety measures,University researchers approved updated safety measures. Officials said the measure would be reviewed periodically. The report included data collected over several months. The proposal will be considered by the relevant authorities.,education,2025-05-21,1
BREAKING: a sensational website apparently confirms a hidden technology,A sensational website apparently confirms a hidden technology. No independent organization has confirmed the claim. The claim has not been independently verified. The information has circulated widely on social media.,business,2025-09-20,0
researchers released an annual report,Researchers released an annual report. The report included data collected over several months. Officials encouraged the public to use information from reliable sources. Officials encouraged the public to use information from reliable sources.,health,2025-01-20,1
SHOCKING: a completely unknown city apparently confirms by an online claim,An online claim apparently confirms a completely unknown city. The article asks readers to share the information immediately. The article encourages readers to believe the information without providing reliable evidence. The source does not provide reliable documents or research.,business,2025-07-06,0
government officials approved updated information on a new development program,Government officials approved a new development program. The company said more details would be provided after the review. The report included data collected over several months. Officials said the measure would be reviewed periodically.,health,2025-02-14,1
Secret discovery: a completely unknown city,An internet report alleges a completely unknown city. No independent organization has confirmed the claim. The source does not provide reliable documents or research. The claim has not been independently verified.,government,2025-04-19,0
VIRAL: a social media message is said to reveal a shocking scientific discovery,A social media message is said to reveal a shocking scientific discovery. The claim has not been independently verified. The source does not provide reliable documents or research. The report uses anonymous sources without identifying them.,space,2025-10-14,0
education officials reported updated information on a technology update,Education officials reported a technology update. Officials encouraged the public to use information from reliable sources. The company said more details would be provided after the review. The proposal will be considered by the relevant authorities.,health,2025-08-01,1
SHOCKING: a mysterious experiment mysteriously claims by a sensational website,A sensational website mysteriously claims a mysterious experiment. The article encourages readers to believe the information without providing reliable evidence. The source does not provide reliable documents or research. The information has circulated widely on social media.,environment,2025-08-03,0
Secret discovery: a miraculous discovery,A social media message claims a miraculous discovery. The article encourages readers to believe the information without providing reliable evidence. No independent organization has confirmed the claim. The claim has not been independently verified.,government,2025-03-14,0
BREAKING: a sensational website secretly announces a secret government plan,A sensational website secretly announces a secret government plan. The information has circulated widely on social media. The story contains sensational statements without supporting evidence. The report uses anonymous sources without identifying them.,technology,2025-11-25,0
Secret discovery: an unbelievable breakthrough,A viral video claims an unbelievable breakthrough. The source does not provide reliable documents or research. The report provides no verifiable evidence for the claim. The article asks readers to share the information immediately.,education,2025-12-25,0
VIRAL: a viral video claims a miraculous discovery,A viral video claims a miraculous discovery. The article encourages readers to believe the information without providing reliable evidence. The source does not provide reliable documents or research. The claim has not been independently verified.,space,2025-04-21,0
industry analysts presented updated information on a technology update,Industry analysts presented a technology update. The company said more details would be provided after the review. The organization said the program would be implemented in phases. Officials encouraged the public to use information from reliable sources.,transport,2025-02-24,1
university researchers announced a research project,University researchers announced a research project. The announcement included information about the project and its expected implementation. Researchers said additional studies are needed to understand the long-term effects. The proposal will be considered by the relevant authorities.,space,2025-12-23,1
New report: company representatives released updated public guidance,Company representatives released updated public guidance. The company said more details would be provided after the review. The study examined available evidence and identified several areas for further research. The company said more details would be provided after the review.,environment,2025-11-20,1
company representatives presented the results of a study,Company representatives presented the results of a study. Officials encouraged the public to use information from reliable sources. The report included data collected over several months. The organization said the program would be implemented in phases.,education,2025-01-10,1
SHOCKING: a hidden international agreement secretly announces by an online claim,An online claim secretly announces a hidden international agreement. The article encourages readers to believe the information without providing reliable evidence. The article encourages readers to believe the information without providing reliable evidence. The report uses anonymous sources without identifying them.,science,2025-08-26,0
VIRAL: an online claim mysteriously claims a secret cure,An online claim mysteriously claims a secret cure. The article encourages readers to believe the information without providing reliable evidence. The story says officials are hiding the information from the public. The information has circulated widely on social media.,health,2025-05-16,0
health officials approved updated information on an annual report,Health officials approved an annual report. The report included data collected over several months. The organization said the program would be implemented in phases. The study examined available evidence and identified several areas for further research.,technology,2025-06-13,1
URGENT: a hidden technology reportedly discovered,An online claim secretly announces a hidden technology. The story says officials are hiding the information from the public. The report provides no verifiable evidence for the claim. The source does not provide reliable documents or research.,government,2025-06-09,0
an unverified report apparently confirms a completely unknown city,An unverified report apparently confirms a completely unknown city. The report provides no verifiable evidence for the claim. The article asks readers to share the information immediately. The report provides no verifiable evidence for the claim.,space,2025-01-06,0
New report: health officials approved an annual report,Health officials approved an annual report. Officials said the measure would be reviewed periodically. Researchers said additional studies are needed to understand the long-term effects. The organization said the program would be implemented in phases.,technology,2025-09-19,1
India: company representatives examined a technology update,Company representatives examined a technology update. The company said more details would be provided after the review. The company said more details would be provided after the review. Researchers said additional studies are needed to understand the long-term effects.,sports,2025-06-19,1
Pune authorities announced updated public guidance,Company representatives announced updated public guidance. The proposal will be considered by the relevant authorities. Officials said the measure would be reviewed periodically. The proposal will be considered by the relevant authorities.,education,2025-03-08,1
BREAKING: an anonymous source claims a completely unknown city,An anonymous source claims a completely unknown city. The report provides no verifiable evidence for the claim. The story contains sensational statements without supporting evidence. The story says officials are hiding the information from the public.,space,2025-04-09,0
Kolkata authorities released updated safety measures,Education officials released updated safety measures. The organization said the program would be implemented in phases. Officials said the measure would be reviewed periodically. Officials said the measure would be reviewed periodically.,space,2025-01-02,1
BREAKING: a viral post mysteriously claims a hidden international agreement,A viral post mysteriously claims a hidden international agreement. The story says officials are hiding the information from the public. The source does not provide reliable documents or research. The article encourages readers to believe the information without providing reliable evidence.,health,2025-02-21,0
an anonymous source apparently confirms a miraculous discovery,An anonymous source apparently confirms a miraculous discovery. The source does not provide reliable documents or research. The story contains sensational statements without supporting evidence. The source does not provide reliable documents or research.,education,2025-11-23,0
researchers released updated information on a new policy proposal,Researchers released a new policy proposal. The company said more details would be provided after the review. The announcement included information about the project and its expected implementation. Officials encouraged the public to use information from reliable sources.,science,2025-12-07,1
New Delhi: university researchers reviewed an annual report,University researchers reviewed an annual report. The company said more details would be provided after the review. The announcement included information about the project and its expected implementation. Officials encouraged the public to use information from reliable sources.,government,2025-09-17,1
transport authorities examined updated information on a new development program,Transport authorities examined a new development program. The announcement included information about the project and its expected implementation. Officials said the measure would be reviewed periodically. Researchers said additional studies are needed to understand the long-term effects.,health,2025-12-23,1
BREAKING: a mysterious source supposedly proves an unbelievable breakthrough,A mysterious source supposedly proves an unbelievable breakthrough. The article asks readers to share the information immediately. The report uses anonymous sources without identifying them. The report uses anonymous sources without identifying them.,government,2025-04-28,0
Pune authorities released a research project,Researchers released a research project. Officials encouraged the public to use information from reliable sources. The proposal will be considered by the relevant authorities. Officials encouraged the public to use information from reliable sources.,technology,2025-09-26,1
an unverified article mysteriously claims a secret government plan,An unverified article mysteriously claims a secret government plan. The information has circulated widely on social media. The information has circulated widely on social media. The story says officials are hiding the information from the public.,space,2025-04-19,0
an anonymous source supposedly proves a hidden international agreement,An anonymous source supposedly proves a hidden international agreement. The claim has not been independently verified. The report provides no verifiable evidence for the claim. The report uses anonymous sources without identifying them.,space,2025-04-14,0
New report: scientists examined a new policy proposal,Scientists examined a new policy proposal. The study examined available evidence and identified several areas for further research. The organization said the program would be implemented in phases. The findings were presented during a public meeting.,transport,2025-01-27,1
Hyderabad: company representatives reviewed updated safety measures,Company representatives reviewed updated safety measures. The organization said the program would be implemented in phases. Researchers said additional studies are needed to understand the long-term effects. The findings were presented during a public meeting.,transport,2025-12-12,1
university researchers examined a new policy proposal,University researchers examined a new policy proposal. Officials encouraged the public to use information from reliable sources. Officials encouraged the public to use information from reliable sources. The findings were presented during a public meeting.,education,2025-08-10,1
an internet report is said to reveal a miraculous discovery,An internet report is said to reveal a miraculous discovery. The claim has not been independently verified. The report uses anonymous sources without identifying them. The article encourages readers to believe the information without providing reliable evidence.,sports,2025-11-23,0
industry analysts published updated information on updated public guidance,Industry analysts published updated public guidance. The study examined available evidence and identified several areas for further research. The report included data collected over several months. The organization said the program would be implemented in phases.,transport,2025-08-17,1
local authorities released a new research report,Local authorities released a new research report. Officials encouraged the public to use information from reliable sources. Officials said the measure would be reviewed periodically. Officials encouraged the public to use information from reliable sources.,environment,2025-08-02,1
URGENT: a revolutionary invention reportedly discovered,An online claim reportedly reveals a revolutionary invention. The story says officials are hiding the information from the public. The article encourages readers to believe the information without providing reliable evidence. The story says officials are hiding the information from the public.,sports,2025-07-11,0
an internet report secretly announces an unbelievable breakthrough,An internet report secretly announces an unbelievable breakthrough. No independent organization has confirmed the claim. The story says officials are hiding the information from the public. The article asks readers to share the information immediately.,sports,2025-01-28,0
industry analysts examined the results of a study,Industry analysts examined the results of a study. The report included data collected over several months. The report included data collected over several months. Officials said the measure would be reviewed periodically.,sports,2025-03-05,1
an internet report apparently confirms a secret cure,An internet report apparently confirms a secret cure. The claim has not been independently verified. The story contains sensational statements without supporting evidence. The story contains sensational statements without supporting evidence.,environment,2025-11-14,0
the country: scientists presented the results of a study,Scientists presented the results of a study. Officials encouraged the public to use information from reliable sources. The report included data collected over several months. The proposal will be considered by the relevant authorities.,sports,2025-11-05,1
an internet report claims a mysterious experiment,An internet report claims a mysterious experiment. The source does not provide reliable documents or research. The information has circulated widely on social media. The information has circulated widely on social media.,environment,2025-12-02,0
the country authorities reported a technology update,Company representatives reported a technology update. The findings were presented during a public meeting. Researchers said additional studies are needed to understand the long-term effects. The organization said the program would be implemented in phases.,government,2025-12-27,1
BREAKING: an unverified report supposedly proves a mysterious experiment,An unverified report supposedly proves a mysterious experiment. The report uses anonymous sources without identifying them. The source does not provide reliable documents or research. The information has circulated widely on social media.,education,2025-09-18,0
a sensational website is said to reveal a completely unknown city,A sensational website is said to reveal a completely unknown city. The information has circulated widely on social media. The article asks readers to share the information immediately. The source does not provide reliable documents or research.,transport,2025-06-25,0
the country: transport authorities announced a technology update,Transport authorities announced a technology update. Officials said the measure would be reviewed periodically. Officials said the measure would be reviewed periodically. The announcement included information about the project and its expected implementation.,health,2025-10-04,1
BREAKING: an internet report reportedly reveals a revolutionary invention,An internet report reportedly reveals a revolutionary invention. The report uses anonymous sources without identifying them. The article asks readers to share the information immediately. The source does not provide reliable documents or research.,space,2025-03-22,0
researchers presented updated public guidance,Researchers presented updated public guidance. The findings were presented during a public meeting. The announcement included information about the project and its expected implementation. The company said more details would be provided after the review.,science,2025-08-16,1
an internet report claims a completely unknown city,An internet report claims a completely unknown city. The article encourages readers to believe the information without providing reliable evidence. The source does not provide reliable documents or research. The source does not provide reliable documents or research.,environment,2025-07-28,0
URGENT: a secret cure reportedly discovered,A sensational website alleges a secret cure. The story says officials are hiding the information from the public. The source does not provide reliable documents or research. The article encourages readers to believe the information without providing reliable evidence.,transport,2025-09-22,0
New Delhi authorities reported updated safety measures,Transport authorities reported updated safety measures. Researchers said additional studies are needed to understand the long-term effects. The report included data collected over several months. The study examined available evidence and identified several areas for further research.,health,2025-11-09,1
an online claim is said to reveal a completely unknown city,An online claim is said to reveal a completely unknown city. The source does not provide reliable documents or research. The report provides no verifiable evidence for the claim. The claim has not been independently verified.,science,2025-09-21,0
an internet report alleges a hidden international agreement,An internet report alleges a hidden international agreement. The story says officials are hiding the information from the public. The story contains sensational statements without supporting evidence. The information has circulated widely on social media.,sports,2025-02-11,0
Chennai authorities examined a public transport plan,Government officials examined a public transport plan. The report included data collected over several months. Officials said the measure would be reviewed periodically. Officials said the measure would be reviewed periodically.,government,2025-10-23,1
India authorities reported updated public guidance,Transport authorities reported updated public guidance. The company said more details would be provided after the review. The announcement included information about the project and its expected implementation. Researchers said additional studies are needed to understand the long-term effects.,space,2025-06-03,1
VIRAL: an internet report mysteriously claims a miraculous discovery,An internet report mysteriously claims a miraculous discovery. The article encourages readers to believe the information without providing reliable evidence. The story says officials are hiding the information from the public. The source does not provide reliable documents or research.,technology,2025-02-16,0
BREAKING: an internet report supposedly proves a hidden technology,An internet report supposedly proves a hidden technology. The report provides no verifiable evidence for the claim. The article asks readers to share the information immediately. The source does not provide reliable documents or research.,sports,2025-12-27,0
Chennai: university researchers examined an annual report,University researchers examined an annual report. The report included data collected over several months. Officials encouraged the public to use information from reliable sources. The announcement included information about the project and its expected implementation.,business,2025-06-05,1
industry analysts reviewed a new policy proposal,Industry analysts reviewed a new policy proposal. The proposal will be considered by the relevant authorities. The study examined available evidence and identified several areas for further research. The company said more details would be provided after the review.,business,2025-05-04,1
SHOCKING: a revolutionary invention supposedly proves by a viral post,A viral post supposedly proves a revolutionary invention. The report provides no verifiable evidence for the claim. The information has circulated widely on social media. The report uses anonymous sources without identifying them.,space,2025-12-18,0
health officials examined updated information on an annual report,Health officials examined an annual report. The study examined available evidence and identified several areas for further research. Officials encouraged the public to use information from reliable sources. The study examined available evidence and identified several areas for further research.,health,2025-06-25,1
researchers examined a public transport plan,Researchers examined a public transport plan. The company said more details would be provided after the review. The company said more details would be provided after the review. The company said more details would be provided after the review.,transport,2025-05-23,1
local authorities introduced a new development program,Local authorities introduced a new development program. Officials encouraged the public to use information from reliable sources. The company said more details would be provided after the review. The organization said the program would be implemented in phases.,science,2025-05-24,1
URGENT: a miraculous discovery reportedly discovered,An internet report is said to reveal a miraculous discovery. The story says officials are hiding the information from the public. The claim has not been independently verified. The report uses anonymous sources without identifying them.,government,2025-12-05,0
India: government officials published a new research report,Government officials published a new research report. The report included data collected over several months. Officials said the measure would be reviewed periodically. The organization said the program would be implemented in phases.,health,2025-11-20,1
VIRAL: an online claim claims a mysterious experiment,An online claim claims a mysterious experiment. The report provides no verifiable evidence for the claim. No independent organization has confirmed the claim. The article asks readers to share the information immediately.,government,2025-03-21,0
New report: local authorities released a technology update,Local authorities released a technology update. The organization said the program would be implemented in phases. Officials said the measure would be reviewed periodically. The company said more details would be provided after the review.,transport,2025-06-22,1
New report: researchers released a public transport plan,Researchers released a public transport plan. The company said more details would be provided after the review. Researchers said additional studies are needed to understand the long-term effects. The study examined available evidence and identified several areas for further research.,technology,2025-03-27,1
VIRAL: an internet report alleges a shocking scientific discovery,An internet report alleges a shocking scientific discovery. The article encourages readers to believe the information without providing reliable evidence. No independent organization has confirmed the claim. The information has circulated widely on social media.,science,2025-10-05,0
Secret discovery: a secret cure,A mysterious source is said to reveal a secret cure. The story says officials are hiding the information from the public. The article asks readers to share the information immediately. The story contains sensational statements without supporting evidence.,environment,2025-12-16,0
SHOCKING: a revolutionary invention apparently confirms by an online claim,An online claim apparently confirms a revolutionary invention. The source does not provide reliable documents or research. The claim has not been independently verified. The report uses anonymous sources without identifying them.,science,2025-05-15,0
company representatives confirmed a new policy proposal,Company representatives confirmed a new policy proposal. Officials encouraged the public to use information from reliable sources. The organization said the program would be implemented in phases. Researchers said additional studies are needed to understand the long-term effects.,environment,2025-10-10,1
URGENT: a hidden international agreement reportedly discovered,A mysterious source claims a hidden international agreement. The information has circulated widely on social media. The report provides no verifiable evidence for the claim. No independent organization has confirmed the claim.,space,2025-06-20,0
university researchers confirmed updated information on a new research report,University researchers confirmed a new research report. The study examined available evidence and identified several areas for further research. The organization said the program would be implemented in phases. Researchers said additional studies are needed to understand the long-term effects.,business,2025-11-18,1
SHOCKING: a secret cure claims by an online claim,An online claim claims a secret cure. The source does not provide reliable documents or research. The article encourages readers to believe the information without providing reliable evidence. The source does not provide reliable documents or research.,sports,2025-04-15,0
education officials introduced updated information on a new policy proposal,Education officials introduced a new policy proposal. The study examined available evidence and identified several areas for further research. The proposal will be considered by the relevant authorities. The company said more details would be provided after the review.,business,2025-03-26,1
New Delhi: university researchers released a new policy proposal,University researchers released a new policy proposal. The announcement included information about the project and its expected implementation. The findings were presented during a public meeting. Researchers said additional studies are needed to understand the long-term effects.,science,2025-02-24,1
Kolkata authorities reported updated public guidance,Scientists reported updated public guidance. The proposal will be considered by the relevant authorities. The proposal will be considered by the relevant authorities. The proposal will be considered by the relevant authorities.,science,2025-11-01,1
BREAKING: a sensational website claims a shocking scientific discovery,A sensational website claims a shocking scientific discovery. The source does not provide reliable documents or research. The information has circulated widely on social media. No independent organization has confirmed the claim.,science,2025-04-03,0
New report: transport authorities announced a research project,Transport authorities announced a research project. The announcement included information about the project and its expected implementation. Officials encouraged the public to use information from reliable sources. The proposal will be considered by the relevant authorities.,science,2025-03-03,1
researchers reported a technology update,Researchers reported a technology update. The findings were presented during a public meeting. The proposal will be considered by the relevant authorities. Researchers said additional studies are needed to understand the long-term effects.,transport,2025-08-20,1
industry analysts announced the results of a study,Industry analysts announced the results of a study. Researchers said additional studies are needed to understand the long-term effects. Officials encouraged the public to use information from reliable sources. The study examined available evidence and identified several areas for further research.,sports,2025-06-02,1
health officials released updated information on a new policy proposal,Health officials released a new policy proposal. The announcement included information about the project and its expected implementation. Officials encouraged the public to use information from reliable sources. The proposal will be considered by the relevant authorities.,government,2025-05-04,1
Secret discovery: an unbelievable breakthrough,A viral video mysteriously claims an unbelievable breakthrough. The article asks readers to share the information immediately. The article asks readers to share the information immediately. The article asks readers to share the information immediately.,technology,2025-10-28,0
VIRAL: a mysterious source apparently confirms a hidden international agreement,A mysterious source apparently confirms a hidden international agreement. The article encourages readers to believe the information without providing reliable evidence. The source does not provide reliable documents or research. The report provides no verifiable evidence for the claim.,business,2025-04-20,0
Bengaluru authorities presented a public transport plan,Health officials presented a public transport plan. The company said more details would be provided after the review. The findings were presented during a public meeting. Officials said the measure would be reviewed periodically.,business,2025-05-06,1
Secret discovery: a completely unknown city,An unverified report secretly announces a completely unknown city. The report provides no verifiable evidence for the claim. The story contains sensational statements without supporting evidence. The story says officials are hiding the information from the public.,transport,2025-03-17,0
industry analysts examined updated information on the results of a study,Industry analysts examined the results of a study. The announcement included information about the project and its expected implementation. Researchers said additional studies are needed to understand the long-term effects. Officials said the measure would be reviewed periodically.,environment,2025-05-25,1
government officials confirmed updated information on a research project,Government officials confirmed a research project. Officials encouraged the public to use information from reliable sources. The report included data collected over several months. Officials encouraged the public to use information from reliable sources.,sports,2025-12-01,1
New report: health officials released a research project,Health officials released a research project. The findings were presented during a public meeting. The announcement included information about the project and its expected implementation. The organization said the program would be implemented in phases.,education,2025-09-27,1
Mumbai authorities reviewed a research project,Company representatives reviewed a research project. Officials encouraged the public to use information from reliable sources. Officials encouraged the public to use information from reliable sources. The announcement included information about the project and its expected implementation.,space,2025-06-18,1
SHOCKING: a completely unknown city mysteriously claims by an unverified report,An unverified report mysteriously claims a completely unknown city. The story contains sensational statements without supporting evidence. The article encourages readers to believe the information without providing reliable evidence. The story contains sensational statements without supporting evidence.,science,2025-03-16,0
education officials presented updated information on the results of a study,Education officials presented the results of a study. The announcement included information about the project and its expected implementation. The findings were presented during a public meeting. The announcement included information about the project and its expected implementation.,health,2025-05-20,1
an anonymous source supposedly proves a hidden international agreement,An anonymous source supposedly proves a hidden international agreement. The information has circulated widely on social media. The story contains sensational statements without supporting evidence. The information has circulated widely on social media.,education,2025-09-05,0
New report: education officials introduced updated safety measures,Education officials introduced updated safety measures. The company said more details would be provided after the review. Officials said the measure would be reviewed periodically. The proposal will be considered by the relevant authorities.,government,2025-02-13,1
Secret discovery: a hidden technology,A mysterious source is said to reveal a hidden technology. The claim has not been independently verified. The story says officials are hiding the information from the public. The information has circulated widely on social media.,space,2025-06-01,0
transport authorities examined updated information on updated public guidance,Transport authorities examined updated public guidance. Researchers said additional studies are needed to understand the long-term effects. The study examined available evidence and identified several areas for further research. The report included data collected over several months.,government,2025-02-25,1
New report: local authorities confirmed the results of a study,Local authorities confirmed the results of a study. The organization said the program would be implemented in phases. The company said more details would be provided after the review. Researchers said additional studies are needed to understand the long-term effects.,environment,2025-09-24,1
New report: local authorities released a new research report,Local authorities released a new research report. The announcement included information about the project and its expected implementation. The findings were presented during a public meeting. Officials encouraged the public to use information from reliable sources.,government,2025-10-08,1
Mumbai: researchers examined a new development program,Researchers examined a new development program. Researchers said additional studies are needed to understand the long-term effects. The company said more details would be provided after the review. The study examined available evidence and identified several areas for further research.,technology,2025-07-16,1
an unverified report secretly announces a completely unknown city,An unverified report secretly announces a completely unknown city. The source does not provide reliable documents or research. The story says officials are hiding the information from the public. The article encourages readers to believe the information without providing reliable evidence.,environment,2025-10-07,0
SHOCKING: a secret government plan apparently confirms by an unverified report,An unverified report apparently confirms a secret government plan. The source does not provide reliable documents or research. The information has circulated widely on social media. The article asks readers to share the information immediately.,sports,2025-10-22,0
New report: government officials examined an annual report,Government officials examined an annual report. The findings were presented during a public meeting. The report included data collected over several months. The organization said the program would be implemented in phases.,transport,2025-01-11,1
URGENT: a revolutionary invention reportedly discovered,A social media message is said to reveal a revolutionary invention. The story says officials are hiding the information from the public. The story contains sensational statements without supporting evidence. The information has circulated widely on social media.,transport,2025-10-08,0
New report: company representatives announced a research project,Company representatives announced a research project. The company said more details would be provided after the review. The report included data collected over several months. The announcement included information about the project and its expected implementation.,business,2025-12-27,1
BREAKING: an online claim reportedly reveals a secret cure,An online claim reportedly reveals a secret cure. No independent organization has confirmed the claim. The article asks readers to share the information immediately. The report uses anonymous sources without identifying them.,technology,2025-11-20,0
URGENT: a secret government plan reportedly discovered,A viral post secretly announces a secret government plan. The report provides no verifiable evidence for the claim. The story contains sensational statements without supporting evidence. No independent organization has confirmed the claim.,education,2025-06-27,0
Mumbai: government officials confirmed updated safety measures,Government officials confirmed updated safety measures. The study examined available evidence and identified several areas for further research. Researchers said additional studies are needed to understand the long-term effects. Officials encouraged the public to use information from reliable sources.,education,2025-08-14,1
transport authorities announced a technology update,Transport authorities announced a technology update. The findings were presented during a public meeting. The proposal will be considered by the relevant authorities. The company said more details would be provided after the review.,environment,2025-06-19,1
New report: transport authorities introduced updated public guidance,Transport authorities introduced updated public guidance. Researchers said additional studies are needed to understand the long-term effects. The proposal will be considered by the relevant authorities. The findings were presented during a public meeting.,government,2025-02-14,1
Hyderabad authorities released updated safety measures,Government officials released updated safety measures. Officials encouraged the public to use information from reliable sources. Officials said the measure would be reviewed periodically. Researchers said additional studies are needed to understand the long-term effects.,transport,2025-09-13,1
New report: company representatives released a technology update,Company representatives released a technology update. The report included data collected over several months. Officials encouraged the public to use information from reliable sources. Officials said the measure would be reviewed periodically.,environment,2025-05-20,1
university researchers reported a public transport plan,University researchers reported a public transport plan. The findings were presented during a public meeting. The proposal will be considered by the relevant authorities. Researchers said additional studies are needed to understand the long-term effects.,health,2025-08-03,1
government officials confirmed the results of a study,Government officials confirmed the results of a study. The proposal will be considered by the relevant authorities. The proposal will be considered by the relevant authorities. Officials encouraged the public to use information from reliable sources.,education,2025-12-21,1
Secret discovery: a shocking scientific discovery,A viral post is said to reveal a shocking scientific discovery. The claim has not been independently verified. The article asks readers to share the information immediately. The article encourages readers to believe the information without providing reliable evidence.,sports,2025-07-06,0
Secret discovery: a hidden technology,A viral video is said to reveal a hidden technology. The report uses anonymous sources without identifying them. The report uses anonymous sources without identifying them. The article asks readers to share the information immediately.,health,2025-02-23,0
Delhi: scientists reported a public transport plan,Scientists reported a public transport plan. Officials said the measure would be reviewed periodically. The findings were presented during a public meeting. Researchers said additional studies are needed to understand the long-term effects.,space,2025-06-02,1
VIRAL: an online claim mysteriously claims a shocking scientific discovery,An online claim mysteriously claims a shocking scientific discovery. The story says officials are hiding the information from the public. The article asks readers to share the information immediately. The story contains sensational statements without supporting evidence.,technology,2025-08-15,0
industry analysts introduced updated information on a technology update,Industry analysts introduced a technology update. The announcement included information about the project and its expected implementation. The proposal will be considered by the relevant authorities. The company said more details would be provided after the review.,education,2025-01-20,1
government officials reviewed the results of a study,Government officials reviewed the results of a study. Officials encouraged the public to use information from reliable sources. Officials said the measure would be reviewed periodically. The proposal will be considered by the relevant authorities.,education,2025-08-02,1
a viral video supposedly proves a hidden technology,A viral video supposedly proves a hidden technology. The report uses anonymous sources without identifying them. The source does not provide reliable documents or research. The story contains sensational statements without supporting evidence.,technology,2025-08-03,0
the country authorities released a new development program,Industry analysts released a new development program. Officials encouraged the public to use information from reliable sources. Officials said the measure would be reviewed periodically. The company said more details would be provided after the review.,sports,2025-12-14,1
VIRAL: a viral post reportedly reveals a hidden technology,A viral post reportedly reveals a hidden technology. The source does not provide reliable documents or research. The story says officials are hiding the information from the public. No independent organization has confirmed the claim.,technology,2025-09-25,0
scientists examined updated information on updated safety measures,Scientists examined updated safety measures. Officials said the measure would be reviewed periodically. Researchers said additional studies are needed to understand the long-term effects. The organization said the program would be implemented in phases.,space,2025-02-12,1
an anonymous source secretly announces a secret cure,An anonymous source secretly announces a secret cure. The article asks readers to share the information immediately. The story says officials are hiding the information from the public. The story contains sensational statements without supporting evidence.,transport,2025-01-09,0
industry analysts announced a research project,Industry analysts announced a research project. The study examined available evidence and identified several areas for further research. The report included data collected over several months. The company said more details would be provided after the review.,sports,2025-08-01,1
BREAKING: a viral video reportedly reveals a miraculous discovery,A viral video reportedly reveals a miraculous discovery. The report provides no verifiable evidence for the claim. The article encourages readers to believe the information without providing reliable evidence. The article encourages readers to believe the information without providing reliable evidence.,environment,2025-09-18,0
BREAKING: a viral video mysteriously claims a miraculous discovery,A viral video mysteriously claims a miraculous discovery. The story says officials are hiding the information from the public. The story contains sensational statements without supporting evidence. The claim has not been independently verified.,technology,2025-10-20,0
an unverified report claims a secret cure,An unverified report claims a secret cure. The article asks readers to share the information immediately. The claim has not been independently verified. The story says officials are hiding the information from the public.,space,2025-12-25,0
an online claim secretly announces a miraculous discovery,An online claim secretly announces a miraculous discovery. The story contains sensational statements without supporting evidence. No independent organization has confirmed the claim. The report provides no verifiable evidence for the claim.,science,2025-09-26,0
BREAKING: a social media message supposedly proves a hidden technology,A social media message supposedly proves a hidden technology. The article encourages readers to believe the information without providing reliable evidence. The source does not provide reliable documents or research. The article encourages readers to believe the information without providing reliable evidence.,education,2025-01-21,0
an unverified report claims a hidden international agreement,An unverified report claims a hidden international agreement. The report uses anonymous sources without identifying them. The report provides no verifiable evidence for the claim. The report provides no verifiable evidence for the claim.,transport,2025-07-14,0
the country: transport authorities presented updated safety measures,Transport authorities presented updated safety measures. The study examined available evidence and identified several areas for further research. The findings were presented during a public meeting. Officials encouraged the public to use information from reliable sources.,sports,2025-06-12,1
an unverified report alleges a secret cure,An unverified report alleges a secret cure. The report uses anonymous sources without identifying them. The claim has not been independently verified. The claim has not been independently verified.,transport,2025-03-28,0
researchers reported updated information on a public transport plan,Researchers reported a public transport plan. The report included data collected over several months. The company said more details would be provided after the review. Officials encouraged the public to use information from reliable sources.,business,2025-11-11,1
New report: university researchers examined updated public guidance,University researchers examined updated public guidance. The study examined available evidence and identified several areas for further research. The study examined available evidence and identified several areas for further research. The report included data collected over several months.,health,2025-01-04,1
Mumbai authorities released updated safety measures,Government officials released updated safety measures. The company said more details would be provided after the review. Officials said the measure would be reviewed periodically. The study examined available evidence and identified several areas for further research.,transport,2025-06-21,1
Hyderabad: transport authorities released updated public guidance,Transport authorities released updated public guidance. The findings were presented during a public meeting. The announcement included information about the project and its expected implementation. The findings were presented during a public meeting.,space,2025-04-03,1
URGENT: a completely unknown city reportedly discovered,An anonymous source alleges a completely unknown city. The story says officials are hiding the information from the public. The claim has not been independently verified. The article encourages readers to believe the information without providing reliable evidence.,education,2025-10-02,0
Pune authorities released updated safety measures,Government officials released updated safety measures. The announcement included information about the project and its expected implementation. The announcement included information about the project and its expected implementation. The report included data collected over several months.,government,2025-02-02,1
BREAKING: an online claim apparently confirms a hidden technology,An online claim apparently confirms a hidden technology. The article encourages readers to believe the information without providing reliable evidence. The report provides no verifiable evidence for the claim. No independent organization has confirmed the claim.,education,2025-01-09,0
university researchers approved an annual report,University researchers approved an annual report. The study examined available evidence and identified several areas for further research. The proposal will be considered by the relevant authorities. The study examined available evidence and identified several areas for further research.,sports,2025-11-06,1
URGENT: a hidden international agreement reportedly discovered,A social media message alleges a hidden international agreement. The article asks readers to share the information immediately. The story contains sensational statements without supporting evidence. The information has circulated widely on social media.,business,2025-03-15,0
health officials introduced updated information on a technology update,Health officials introduced a technology update. Officials encouraged the public to use information from reliable sources. The proposal will be considered by the relevant authorities. The report included data collected over several months.,government,2025-11-27,1
SHOCKING: a hidden international agreement alleges by a viral post,A viral post alleges a hidden international agreement. The source does not provide reliable documents or research. The article asks readers to share the information immediately. The article asks readers to share the information immediately.,business,2025-12-08,0
BREAKING: an unverified article reportedly reveals a mysterious experiment,An unverified article reportedly reveals a mysterious experiment. The report provides no verifiable evidence for the claim. The article encourages readers to believe the information without providing reliable evidence. The story says officials are hiding the information from the public.,government,2025-05-07,0
Mumbai authorities released updated public guidance,Researchers released updated public guidance. The announcement included information about the project and its expected implementation. Officials said the measure would be reviewed periodically. The organization said the program would be implemented in phases.,space,2025-08-26,1
Delhi: government officials reported updated safety measures,Government officials reported updated safety measures. The findings were presented during a public meeting. The study examined available evidence and identified several areas for further research. The announcement included information about the project and its expected implementation.,science,2025-10-24,1
URGENT: a shocking scientific discovery reportedly discovered,An internet report mysteriously claims a shocking scientific discovery. The report provides no verifiable evidence for the claim. The information has circulated widely on social media. The information has circulated widely on social media.,health,2025-06-07,0
URGENT: a revolutionary invention reportedly discovered,An unverified article is said to reveal a revolutionary invention. The report provides no verifiable evidence for the claim. The story says officials are hiding the information from the public. The story contains sensational statements without supporting evidence.,space,2025-06-03,0
BREAKING: an unverified report mysteriously claims a hidden international agreement,An unverified report mysteriously claims a hidden international agreement. The report provides no verifiable evidence for the claim. The report provides no verifiable evidence for the claim. The article asks readers to share the information immediately.,business,2025-08-17,0
Secret discovery: a secret government plan,An online claim mysteriously claims a secret government plan. The report provides no verifiable evidence for the claim. The source does not provide reliable documents or research. The article encourages readers to believe the information without providing reliable evidence.,government,2025-09-05,0
SHOCKING: a hidden technology reportedly reveals by an internet report,An internet report reportedly reveals a hidden technology. The report provides no verifiable evidence for the claim. The information has circulated widely on social media. The source does not provide reliable documents or research.,education,2025-12-25,0
Secret discovery: a completely unknown city,An online claim secretly announces a completely unknown city. The article encourages readers to believe the information without providing reliable evidence. The story says officials are hiding the information from the public. The claim has not been independently verified.,transport,2025-09-23,0
New Delhi authorities examined updated safety measures,Health officials examined updated safety measures. Researchers said additional studies are needed to understand the long-term effects. The announcement included information about the project and its expected implementation. The company said more details would be provided after the review.,technology,2025-07-13,1
Secret discovery: a secret cure,A viral video is said to reveal a secret cure. The report uses anonymous sources without identifying them. The source does not provide reliable documents or research. The source does not provide reliable documents or research.,education,2025-04-04,0
company representatives published updated information on updated public guidance,Company representatives published updated public guidance. Officials said the measure would be reviewed periodically. Officials encouraged the public to use information from reliable sources. Officials said the measure would be reviewed periodically.,science,2025-04-11,1
URGENT: a revolutionary invention reportedly discovered,An online claim secretly announces a revolutionary invention. The report uses anonymous sources without identifying them. The report provides no verifiable evidence for the claim. The information has circulated widely on social media.,business,2025-11-22,0
local authorities presented updated public guidance,Local authorities presented updated public guidance. The findings were presented during a public meeting. The study examined available evidence and identified several areas for further research. Officials encouraged the public to use information from reliable sources.,environment,2025-02-16,1
a viral post apparently confirms a miraculous discovery,A viral post apparently confirms a miraculous discovery. The information has circulated widely on social media. The story says officials are hiding the information from the public. The story says officials are hiding the information from the public.,health,2025-06-10,0
education officials introduced a new development program,Education officials introduced a new development program. The proposal will be considered by the relevant authorities. The announcement included information about the project and its expected implementation. The report included data collected over several months.,health,2025-01-05,1
researchers reported updated information on the results of a study,Researchers reported the results of a study. Officials said the measure would be reviewed periodically. The report included data collected over several months. Researchers said additional studies are needed to understand the long-term effects.,space,2025-06-01,1
company representatives published updated information on a research project,Company representatives published a research project. The proposal will be considered by the relevant authorities. The report included data collected over several months. The proposal will be considered by the relevant authorities.,business,2025-09-02,1
BREAKING: an unverified report alleges a hidden technology,An unverified report alleges a hidden technology. The article asks readers to share the information immediately. The report uses anonymous sources without identifying them. The report uses anonymous sources without identifying them.,business,2025-07-04,0
Delhi authorities confirmed an annual report,Company representatives confirmed an annual report. The company said more details would be provided after the review. The study examined available evidence and identified several areas for further research. The proposal will be considered by the relevant authorities.,government,2025-08-10,1
New report: company representatives presented a new development program,Company representatives presented a new development program. The proposal will be considered by the relevant authorities. The findings were presented during a public meeting. The announcement included information about the project and its expected implementation.,education,2025-06-12,1
Hyderabad: researchers approved updated safety measures,Researchers approved updated safety measures. The report included data collected over several months. Officials encouraged the public to use information from reliable sources. The organization said the program would be implemented in phases.,sports,2025-11-15,1
VIRAL: an internet report secretly announces a shocking scientific discovery,An internet report secretly announces a shocking scientific discovery. The claim has not been independently verified. The report uses anonymous sources without identifying them. The information has circulated widely on social media.,transport,2025-07-23,0
SHOCKING: a miraculous discovery secretly announces by an online claim,An online claim secretly announces a miraculous discovery. The story says officials are hiding the information from the public. The report uses anonymous sources without identifying them. The article asks readers to share the information immediately.,transport,2025-02-26,0
an online claim alleges a mysterious experiment,An online claim alleges a mysterious experiment. The information has circulated widely on social media. The story contains sensational statements without supporting evidence. The source does not provide reliable documents or research.,health,2025-02-09,0
BREAKING: an online claim mysteriously claims a hidden technology,An online claim mysteriously claims a hidden technology. The article asks readers to share the information immediately. The report provides no verifiable evidence for the claim. The article asks readers to share the information immediately.,technology,2025-07-19,0
company representatives confirmed updated information on updated public guidance,Company representatives confirmed updated public guidance. The company said more details would be provided after the review. The report included data collected over several months. Researchers said additional studies are needed to understand the long-term effects.,science,2025-09-05,1
SHOCKING: a hidden international agreement secretly announces by a mysterious source,A mysterious source secretly announces a hidden international agreement. The claim has not been independently verified. The report provides no verifiable evidence for the claim. The information has circulated widely on social media.,business,2025-08-18,0
New report: company representatives announced a new policy proposal,Company representatives announced a new policy proposal. The study examined available evidence and identified several areas for further research. The report included data collected over several months. The company said more details would be provided after the review.,transport,2025-07-24,1
New report: scientists reported an annual report,Scientists reported an annual report. The study examined available evidence and identified several areas for further research. Researchers said additional studies are needed to understand the long-term effects. The report included data collected over several months.,health,2025-03-28,1
Bengaluru authorities announced updated safety measures,University researchers announced updated safety measures. The proposal will be considered by the relevant authorities. The company said more details would be provided after the review. The report included data collected over several months.,business,2025-08-17,1
a sensational website secretly announces a miraculous discovery,A sensational website secretly announces a miraculous discovery. The source does not provide reliable documents or research. The story says officials are hiding the information from the public. The report provides no verifiable evidence for the claim.,government,2025-07-15,0
VIRAL: an unverified article supposedly proves a miraculous discovery,An unverified article supposedly proves a miraculous discovery. The story contains sensational statements without supporting evidence. The story says officials are hiding the information from the public. The claim has not been independently verified.,government,2025-03-08,0
Secret discovery: a hidden technology,An unverified report secretly announces a hidden technology. The report uses anonymous sources without identifying them. No independent organization has confirmed the claim. The story says officials are hiding the information from the public.,business,2025-09-12,0
New Delhi: transport authorities examined a public transport plan,Transport authorities examined a public transport plan. The study examined available evidence and identified several areas for further research. The proposal will be considered by the relevant authorities. The study examined available evidence and identified several areas for further research.,education,2025-03-26,1
government officials confirmed updated information on updated safety measures,Government officials confirmed updated safety measures. The company said more details would be provided after the review. Officials encouraged the public to use information from reliable sources. Officials said the measure would be reviewed periodically.,transport,2025-09-19,1
Bengaluru authorities presented updated public guidance,University researchers presented updated public guidance. The company said more details would be provided after the review. Officials said the measure would be reviewed periodically. The findings were presented during a public meeting.,science,2025-08-27,1
New report: transport authorities approved a public transport plan,Transport authorities approved a public transport plan. The organization said the program would be implemented in phases. Officials encouraged the public to use information from reliable sources. Officials encouraged the public to use information from reliable sources.,education,2025-11-15,1
SHOCKING: a secret cure apparently confirms by an unverified report,An unverified report apparently confirms a secret cure. The information has circulated widely on social media. The report uses anonymous sources without identifying them. The report uses anonymous sources without identifying them.,health,2025-03-07,0
Pune: researchers confirmed a new research report,Researchers confirmed a new research report. The report included data collected over several months. The organization said the program would be implemented in phases. Researchers said additional studies are needed to understand the long-term effects.,space,2025-01-24,1
VIRAL: a sensational website alleges a mysterious experiment,A sensational website alleges a mysterious experiment. The article asks readers to share the information immediately. The story says officials are hiding the information from the public. The report uses anonymous sources without identifying them.,technology,2025-08-10,0
Secret discovery: a completely unknown city,A sensational website is said to reveal a completely unknown city. The report uses anonymous sources without identifying them. The information has circulated widely on social media. The report uses anonymous sources without identifying them.,health,2025-05-05,0
Secret discovery: a secret government plan,A viral video alleges a secret government plan. The claim has not been independently verified. The report provides no verifiable evidence for the claim. The story says officials are hiding the information from the public.,science,2025-03-14,0
scientists introduced a new policy proposal,Scientists introduced a new policy proposal. Officials said the measure would be reviewed periodically. The announcement included information about the project and its expected implementation. Officials encouraged the public to use information from reliable sources.,health,2025-06-12,1
SHOCKING: a hidden technology supposedly proves by an unverified article,An unverified article supposedly proves a hidden technology. The story contains sensational statements without supporting evidence. The story says officials are hiding the information from the public. The story says officials are hiding the information from the public.,environment,2025-02-12,0
Secret discovery: an unbelievable breakthrough,An unverified article mysteriously claims an unbelievable breakthrough. The story says officials are hiding the information from the public. The source does not provide reliable documents or research. The information has circulated widely on social media.,science,2025-01-08,0
an unverified report reportedly reveals a mysterious experiment,An unverified report reportedly reveals a mysterious experiment. The story contains sensational statements without supporting evidence. The report uses anonymous sources without identifying them. The story says officials are hiding the information from the public.,sports,2025-03-17,0
Pune: industry analysts released a research project,Industry analysts released a research project. The organization said the program would be implemented in phases. The report included data collected over several months. The announcement included information about the project and its expected implementation.,technology,2025-09-28,1
VIRAL: an internet report secretly announces a shocking scientific discovery,An internet report secretly announces a shocking scientific discovery. The story contains sensational statements without supporting evidence. The story says officials are hiding the information from the public. The information has circulated widely on social media.,government,2025-05-18,0
health officials examined updated information on updated public guidance,Health officials examined updated public guidance. The announcement included information about the project and its expected implementation. Officials encouraged the public to use information from reliable sources. Researchers said additional studies are needed to understand the long-term effects.,transport,2025-03-21,1
BREAKING: an online claim supposedly proves a shocking scientific discovery,An online claim supposedly proves a shocking scientific discovery. The article asks readers to share the information immediately. The report provides no verifiable evidence for the claim. The report provides no verifiable evidence for the claim.,education,2025-08-04,0
transport authorities released updated information on the results of a study,Transport authorities released the results of a study. Officials encouraged the public to use information from reliable sources. The report included data collected over several months. Officials said the measure would be reviewed periodically.,sports,2025-01-21,1
SHOCKING: a secret government plan mysteriously claims by an internet report,An internet report mysteriously claims a secret government plan. The story contains sensational statements without supporting evidence. The information has circulated widely on social media. No independent organization has confirmed the claim.,education,2025-03-26,0
SHOCKING: a revolutionary invention alleges by an anonymous source,An anonymous source alleges a revolutionary invention. The story contains sensational statements without supporting evidence. The story says officials are hiding the information from the public. The article encourages readers to believe the information without providing reliable evidence.,government,2025-12-13,0
health officials published the results of a study,Health officials published the results of a study. Researchers said additional studies are needed to understand the long-term effects. The proposal will be considered by the relevant authorities. The proposal will be considered by the relevant authorities.,business,2025-01-06,1
Bengaluru: transport authorities announced a public transport plan,Transport authorities announced a public transport plan. The organization said the program would be implemented in phases. The findings were presented during a public meeting. The proposal will be considered by the relevant authorities.,government,2025-08-11,1
New report: company representatives announced updated safety measures,Company representatives announced updated safety measures. Officials encouraged the public to use information from reliable sources. Officials said the measure would be reviewed periodically. The organization said the program would be implemented in phases.,space,2025-09-28,1
Secret discovery: an unbelievable breakthrough,An anonymous source reportedly reveals an unbelievable breakthrough. The article asks readers to share the information immediately. The report uses anonymous sources without identifying them. The story contains sensational statements without supporting evidence.,health,2025-05-26,0
Secret discovery: a revolutionary invention,An internet report is said to reveal a revolutionary invention. The information has circulated widely on social media. The article asks readers to share the information immediately. The article encourages readers to believe the information without providing reliable evidence.,technology,2025-05-18,0
government officials reviewed a public transport plan,Government officials reviewed a public transport plan. The study examined available evidence and identified several areas for further research. The announcement included information about the project and its expected implementation. The findings were presented during a public meeting.,science,2025-05-19,1
local authorities reviewed updated information on updated public guidance,Local authorities reviewed updated public guidance. Officials said the measure would be reviewed periodically. The proposal will be considered by the relevant authorities. Researchers said additional studies are needed to understand the long-term effects.,government,2025-03-17,1
SHOCKING: a hidden international agreement apparently confirms by a viral video,A viral video apparently confirms a hidden international agreement. The article encourages readers to believe the information without providing reliable evidence. No independent organization has confirmed the claim. The story says officials are hiding the information from the public.,government,2025-12-05,0
VIRAL: a viral video mysteriously claims a shocking scientific discovery,A viral video mysteriously claims a shocking scientific discovery. No independent organization has confirmed the claim. The source does not provide reliable documents or research. The information has circulated widely on social media.,business,2025-05-15,0
VIRAL: a viral video mysteriously claims a hidden technology,A viral video mysteriously claims a hidden technology. The article encourages readers to believe the information without providing reliable evidence. The report provides no verifiable evidence for the claim. The article asks readers to share the information immediately.,science,2025-04-27,0
Bengaluru authorities examined updated safety measures,Transport authorities examined updated safety measures. The announcement included information about the project and its expected implementation. The study examined available evidence and identified several areas for further research. Officials encouraged the public to use information from reliable sources.,business,2025-12-04,1
URGENT: a hidden technology reportedly discovered,A viral post supposedly proves a hidden technology. The claim has not been independently verified. The story says officials are hiding the information from the public. The claim has not been independently verified.,technology,2025-09-10,0
SHOCKING: an unbelievable breakthrough reportedly reveals by an unverified article,An unverified article reportedly reveals an unbelievable breakthrough. The report uses anonymous sources without identifying them. The claim has not been independently verified. The source does not provide reliable documents or research.,health,2025-08-02,0
SHOCKING: a secret cure alleges by an unverified article,An unverified article alleges a secret cure. The story says officials are hiding the information from the public. The article encourages readers to believe the information without providing reliable evidence. The story contains sensational statements without supporting evidence.,health,2025-01-12,0
scientists reported updated information on a technology update,Scientists reported a technology update. Officials encouraged the public to use information from reliable sources. The report included data collected over several months. The report included data collected over several months.,science,2025-03-25,1
New report: researchers reported a technology update,Researchers reported a technology update. Officials encouraged the public to use information from reliable sources. The study examined available evidence and identified several areas for further research. The study examined available evidence and identified several areas for further research.,health,2025-03-03,1
Chennai: transport authorities introduced updated safety measures,Transport authorities introduced updated safety measures. Researchers said additional studies are needed to understand the long-term effects. Officials encouraged the public to use information from reliable sources. The proposal will be considered by the relevant authorities.,science,2025-03-26,1
URGENT: a completely unknown city reportedly discovered,A viral video is said to reveal a completely unknown city. The source does not provide reliable documents or research. The report uses anonymous sources without identifying them. The source does not provide reliable documents or research.,technology,2025-02-06,0
VIRAL: a sensational website reportedly reveals a revolutionary invention,A sensational website reportedly reveals a revolutionary invention. The report uses anonymous sources without identifying them. The information has circulated widely on social media. No independent organization has confirmed the claim.,health,2025-10-23,0
VIRAL: a mysterious source reportedly reveals a shocking scientific discovery,A mysterious source reportedly reveals a shocking scientific discovery. The information has circulated widely on social media. The report provides no verifiable evidence for the claim. The article asks readers to share the information immediately.,business,2025-10-28,0
Secret discovery: a secret cure,An unverified article mysteriously claims a secret cure. The source does not provide reliable documents or research. No independent organization has confirmed the claim. The story says officials are hiding the information from the public.,government,2025-12-06,0
an unverified report secretly announces a secret government plan,An unverified report secretly announces a secret government plan. The report provides no verifiable evidence for the claim. The report uses anonymous sources without identifying them. The claim has not been independently verified.,business,2025-10-08,0
BREAKING: an internet report is said to reveal a hidden international agreement,An internet report is said to reveal a hidden international agreement. The report provides no verifiable evidence for the claim. The story says officials are hiding the information from the public. The report provides no verifiable evidence for the claim.,environment,2025-02-17,0
Secret discovery: a shocking scientific discovery,A viral video is said to reveal a shocking scientific discovery. The article asks readers to share the information immediately. The story says officials are hiding the information from the public. The claim has not been independently verified.,business,2025-01-04,0
Kolkata: education officials examined updated public guidance,Education officials examined updated public guidance. Researchers said additional studies are needed to understand the long-term effects. The report included data collected over several months. The organization said the program would be implemented in phases.,environment,2025-12-22,1
researchers presented a technology update,Researchers presented a technology update. Researchers said additional studies are needed to understand the long-term effects. The announcement included information about the project and its expected implementation. The study examined available evidence and identified several areas for further research.,business,2025-05-23,1
industry analysts published updated information on a new research report,Industry analysts published a new research report. The study examined available evidence and identified several areas for further research. The study examined available evidence and identified several areas for further research. Officials said the measure would be reviewed periodically.,science,2025-12-07,1
local authorities published updated information on updated public guidance,Local authorities published updated public guidance. The proposal will be considered by the relevant authorities. The company said more details would be provided after the review. Officials said the measure would be reviewed periodically.,health,2025-02-12,1
local authorities introduced updated safety measures,Local authorities introduced updated safety measures. Researchers said additional studies are needed to understand the long-term effects. The findings were presented during a public meeting. The proposal will be considered by the relevant authorities.,health,2025-06-08,1
health officials approved updated information on the results of a study,Health officials approved the results of a study. The findings were presented during a public meeting. The proposal will be considered by the relevant authorities. The announcement included information about the project and its expected implementation.,education,2025-02-27,1
a mysterious source reportedly reveals a mysterious experiment,A mysterious source reportedly reveals a mysterious experiment. The report uses anonymous sources without identifying them. The report provides no verifiable evidence for the claim. The story contains sensational statements without supporting evidence.,sports,2025-07-09,0
an unverified report secretly announces a hidden technology,An unverified report secretly announces a hidden technology. The information has circulated widely on social media. The report provides no verifiable evidence for the claim. The article encourages readers to believe the information without providing reliable evidence.,business,2025-04-19,0
VIRAL: an online claim supposedly proves a shocking scientific discovery,An online claim supposedly proves a shocking scientific discovery. The article encourages readers to believe the information without providing reliable evidence. The report uses anonymous sources without identifying them. No independent organization has confirmed the claim.,science,2025-11-11,0
Secret discovery: a hidden international agreement,An internet report mysteriously claims a hidden international agreement. The source does not provide reliable documents or research. The story says officials are hiding the information from the public. The source does not provide reliable documents or research.,business,2025-10-08,0
government officials reported updated information on the results of a study,Government officials reported the results of a study. The study examined available evidence and identified several areas for further research. The company said more details would be provided after the review. Officials said the measure would be reviewed periodically.,health,2025-02-10,1
Pune authorities confirmed a new policy proposal,Health officials confirmed a new policy proposal. The organization said the program would be implemented in phases. The study examined available evidence and identified several areas for further research. The study examined available evidence and identified several areas for further research.,science,2025-06-24,1
SHOCKING: a secret government plan mysteriously claims by an online claim,An online claim mysteriously claims a secret government plan. The information has circulated widely on social media. The information has circulated widely on social media. The article encourages readers to believe the information without providing reliable evidence.,government,2025-10-13,0
VIRAL: a social media message apparently confirms a shocking scientific discovery,A social media message apparently confirms a shocking scientific discovery. The report uses anonymous sources without identifying them. The report provides no verifiable evidence for the claim. The story says officials are hiding the information from the public.,education,2025-07-05,0
Secret discovery: a secret cure,A sensational website mysteriously claims a secret cure. The story says officials are hiding the information from the public. The article encourages readers to believe the information without providing reliable evidence. The article encourages readers to believe the information without providing reliable evidence.,education,2025-02-01,0
transport authorities presented updated information on updated safety measures,Transport authorities presented updated safety measures. The proposal will be considered by the relevant authorities. The proposal will be considered by the relevant authorities. Researchers said additional studies are needed to understand the long-term effects.,government,2025-05-15,1
SHOCKING: a hidden technology secretly announces by a social media message,A social media message secretly announces a hidden technology. The article asks readers to share the information immediately. The story contains sensational statements without supporting evidence. The article encourages readers to believe the information without providing reliable evidence.,technology,2025-11-08,0
Secret discovery: a hidden international agreement,A mysterious source mysteriously claims a hidden international agreement. The report uses anonymous sources without identifying them. The article encourages readers to believe the information without providing reliable evidence. No independent organization has confirmed the claim.,transport,2025-05-03,0
SHOCKING: a shocking scientific discovery claims by an online claim,An online claim claims a shocking scientific discovery. The article asks readers to share the information immediately. The source does not provide reliable documents or research. The article asks readers to share the information immediately.,education,2025-02-21,0
Delhi authorities confirmed a research project,Transport authorities confirmed a research project. The announcement included information about the project and its expected implementation. Officials encouraged the public to use information from reliable sources. The company said more details would be provided after the review.,health,2025-07-03,1
New report: company representatives confirmed a public transport plan,Company representatives confirmed a public transport plan. The report included data collected over several months. The organization said the program would be implemented in phases. The report included data collected over several months.,sports,2025-07-03,1
Chennai: education officials announced updated safety measures,Education officials announced updated safety measures. The study examined available evidence and identified several areas for further research. The organization said the program would be implemented in phases. The announcement included information about the project and its expected implementation.,science,2025-04-22,1
industry analysts presented a technology update,Industry analysts presented a technology update. Officials said the measure would be reviewed periodically. The organization said the program would be implemented in phases. Officials encouraged the public to use information from reliable sources.,science,2025-08-23,1
BREAKING: a social media message is said to reveal a secret cure,A social media message is said to reveal a secret cure. The article asks readers to share the information immediately. The article asks readers to share the information immediately. The article encourages readers to believe the information without providing reliable evidence.,environment,2025-02-05,0
SHOCKING: a mysterious experiment reportedly reveals by a sensational website,A sensational website reportedly reveals a mysterious experiment. The report uses anonymous sources without identifying them. The article encourages readers to believe the information without providing reliable evidence. The story contains sensational statements without supporting evidence.,environment,2025-12-18,0
India: scientists presented a new policy proposal,Scientists presented a new policy proposal. The organization said the program would be implemented in phases. Officials said the measure would be reviewed periodically. Researchers said additional studies are needed to understand the long-term effects.,government,2025-10-12,1
SHOCKING: a miraculous discovery alleges by a viral video,A viral video alleges a miraculous discovery. The report uses anonymous sources without identifying them. The article encourages readers to believe the information without providing reliable evidence. The article encourages readers to believe the information without providing reliable evidence.,business,2025-07-07,0
Hyderabad authorities approved a new policy proposal,University researchers approved a new policy proposal. Officials encouraged the public to use information from reliable sources. Officials encouraged the public to use information from reliable sources. The company said more details would be provided after the review.,education,2025-03-11,1
industry analysts examined an annual report,Industry analysts examined an annual report. The findings were presented during a public meeting. The proposal will be considered by the relevant authorities. The organization said the program would be implemented in phases.,science,2025-06-25,1
URGENT: a revolutionary invention reportedly discovered,An unverified article alleges a revolutionary invention. The article asks readers to share the information immediately. The report uses anonymous sources without identifying them. The report provides no verifiable evidence for the claim.,education,2025-09-25,0
Secret discovery: a mysterious experiment,A social media message reportedly reveals a mysterious experiment. The article encourages readers to believe the information without providing reliable evidence. The story contains sensational statements without supporting evidence. The report provides no verifiable evidence for the claim.,technology,2025-05-11,0
transport authorities confirmed an annual report,Transport authorities confirmed an annual report. Researchers said additional studies are needed to understand the long-term effects. Officials encouraged the public to use information from reliable sources. The company said more details would be provided after the review.,transport,2025-12-10,1
New report: university researchers presented a public transport plan,University researchers presented a public transport plan. The report included data collected over several months. The proposal will be considered by the relevant authorities. The company said more details would be provided after the review.,education,2025-06-25,1
health officials announced updated information on the results of a study,Health officials announced the results of a study. Researchers said additional studies are needed to understand the long-term effects. The findings were presented during a public meeting. The organization said the program would be implemented in phases.,science,2025-11-13,1
VIRAL: an internet report supposedly proves a secret cure,An internet report supposedly proves a secret cure. No independent organization has confirmed the claim. The report uses anonymous sources without identifying them. The story contains sensational statements without supporting evidence.,health,2025-07-11,0
university researchers announced updated information on updated safety measures,University researchers announced updated safety measures. The company said more details would be provided after the review. The organization said the program would be implemented in phases. Researchers said additional studies are needed to understand the long-term effects.,technology,2025-06-06,1
New report: education officials published a technology update,Education officials published a technology update. The study examined available evidence and identified several areas for further research. The findings were presented during a public meeting. The announcement included information about the project and its expected implementation.,technology,2025-02-03,1
New report: industry analysts confirmed a new research report,Industry analysts confirmed a new research report. The findings were presented during a public meeting. The study examined available evidence and identified several areas for further research. The company said more details would be provided after the review.,sports,2025-09-01,1
an internet report claims a hidden technology,An internet report claims a hidden technology. The article encourages readers to believe the information without providing reliable evidence. The report provides no verifiable evidence for the claim. The article encourages readers to believe the information without providing reliable evidence.,education,2025-08-26,0
VIRAL: an anonymous source apparently confirms a miraculous discovery,An anonymous source apparently confirms a miraculous discovery. The article encourages readers to believe the information without providing reliable evidence. The report uses anonymous sources without identifying them. The story contains sensational statements without supporting evidence.,space,2025-02-27,0
VIRAL: an internet report is said to reveal a miraculous discovery,An internet report is said to reveal a miraculous discovery. The claim has not been independently verified. The story says officials are hiding the information from the public. The article asks readers to share the information immediately.,business,2025-03-24,0
local authorities published updated information on a new development program,Local authorities published a new development program. The proposal will be considered by the relevant authorities. The organization said the program would be implemented in phases. The findings were presented during a public meeting.,transport,2025-12-20,1
researchers introduced a public transport plan,Researchers introduced a public transport plan. The findings were presented during a public meeting. The proposal will be considered by the relevant authorities. The announcement included information about the project and its expected implementation.,space,2025-03-04,1
BREAKING: an online claim alleges a hidden international agreement,An online claim alleges a hidden international agreement. The article asks readers to share the information immediately. The article encourages readers to believe the information without providing reliable evidence. The claim has not been independently verified.,health,2025-07-14,0
industry analysts confirmed a research project,Industry analysts confirmed a research project. The company said more details would be provided after the review. Researchers said additional studies are needed to understand the long-term effects. Officials said the measure would be reviewed periodically.,health,2025-05-19,1
New report: scientists introduced a research project,Scientists introduced a research project. Officials encouraged the public to use information from reliable sources. The study examined available evidence and identified several areas for further research. Researchers said additional studies are needed to understand the long-term effects.,government,2025-10-13,1
VIRAL: a sensational website secretly announces a revolutionary invention,A sensational website secretly announces a revolutionary invention. No independent organization has confirmed the claim. The story contains sensational statements without supporting evidence. The information has circulated widely on social media.,education,2025-03-02,0
Kolkata: industry analysts reviewed a technology update,Industry analysts reviewed a technology update. The findings were presented during a public meeting. Officials said the measure would be reviewed periodically. The organization said the program would be implemented in phases.,space,2025-05-14,1
Secret discovery: a hidden technology,A viral post mysteriously claims a hidden technology. No independent organization has confirmed the claim. The story says officials are hiding the information from the public. The article asks readers to share the information immediately.,government,2025-04-17,0
Hyderabad authorities presented updated safety measures,Education officials presented updated safety measures. The findings were presented during a public meeting. The announcement included information about the project and its expected implementation. The study examined available evidence and identified several areas for further research.,health,2025-01-23,1
New report: industry analysts reported the results of a study,Industry analysts reported the results of a study. The findings were presented during a public meeting. Officials encouraged the public to use information from reliable sources. The study examined available evidence and identified several areas for further research.,business,2025-12-02,1
New report: researchers approved a research project,Researchers approved a research project. The announcement included information about the project and its expected implementation. Officials said the measure would be reviewed periodically. The company said more details would be provided after the review.,space,2025-12-23,1
VIRAL: a viral video is said to reveal a mysterious experiment,A viral video is said to reveal a mysterious experiment. The claim has not been independently verified. The information has circulated widely on social media. The claim has not been independently verified.,transport,2025-03-24,0
VIRAL: a viral post secretly announces a hidden international agreement,A viral post secretly announces a hidden international agreement. The information has circulated widely on social media. The article asks readers to share the information immediately. The article encourages readers to believe the information without providing reliable evidence.,technology,2025-03-16,0
health officials presented updated information on updated safety measures,Health officials presented updated safety measures. Researchers said additional studies are needed to understand the long-term effects. Researchers said additional studies are needed to understand the long-term effects. The organization said the program would be implemented in phases.,government,2025-03-22,1
VIRAL: a viral post mysteriously claims a revolutionary invention,A viral post mysteriously claims a revolutionary invention. No independent organization has confirmed the claim. The report provides no verifiable evidence for the claim. The claim has not been independently verified.,business,2025-04-14,0
an anonymous source apparently confirms a mysterious experiment,An anonymous source apparently confirms a mysterious experiment. The claim has not been independently verified. The article encourages readers to believe the information without providing reliable evidence. The story says officials are hiding the information from the public.,transport,2025-09-08,0
Secret discovery: a miraculous discovery,A viral post reportedly reveals a miraculous discovery. The article encourages readers to believe the information without providing reliable evidence. The information has circulated widely on social media. The article asks readers to share the information immediately.,government,2025-08-03,0
Pune authorities published a new policy proposal,Company representatives published a new policy proposal. Officials encouraged the public to use information from reliable sources. The proposal will be considered by the relevant authorities. The report included data collected over several months.,environment,2025-08-25,1
SHOCKING: an unbelievable breakthrough secretly announces by a viral video,A viral video secretly announces an unbelievable breakthrough. No independent organization has confirmed the claim. The story contains sensational statements without supporting evidence. The article asks readers to share the information immediately.,sports,2025-01-09,0
BREAKING: a mysterious source alleges a secret government plan,A mysterious source alleges a secret government plan. The source does not provide reliable documents or research. No independent organization has confirmed the claim. The claim has not been independently verified.,space,2025-09-19,0
Delhi: researchers presented a new research report,Researchers presented a new research report. The organization said the program would be implemented in phases. Officials encouraged the public to use information from reliable sources. The organization said the program would be implemented in phases.,technology,2025-12-24,1
BREAKING: an anonymous source supposedly proves a mysterious experiment,An anonymous source supposedly proves a mysterious experiment. The report uses anonymous sources without identifying them. The article asks readers to share the information immediately. The report provides no verifiable evidence for the claim.,government,2025-11-13,0
SHOCKING: a revolutionary invention apparently confirms by a viral post,A viral post apparently confirms a revolutionary invention. The article encourages readers to believe the information without providing reliable evidence. The story contains sensational statements without supporting evidence. No independent organization has confirmed the claim.,science,2025-10-09,0
government officials approved the results of a study,Government officials approved the results of a study. Officials encouraged the public to use information from reliable sources. The study examined available evidence and identified several areas for further research. The findings were presented during a public meeting.,technology,2025-01-20,1
Mumbai: education officials introduced an annual report,Education officials introduced an annual report. The findings were presented during a public meeting. The proposal will be considered by the relevant authorities. The study examined available evidence and identified several areas for further research.,transport,2025-09-23,1
New report: transport authorities examined an annual report,Transport authorities examined an annual report. The findings were presented during a public meeting. The report included data collected over several months. The study examined available evidence and identified several areas for further research.,sports,2025-06-01,1
New report: industry analysts confirmed a new development program,Industry analysts confirmed a new development program. The announcement included information about the project and its expected implementation. Researchers said additional studies are needed to understand the long-term effects. The study examined available evidence and identified several areas for further research.,health,2025-08-28,1
BREAKING: an unverified report supposedly proves a secret government plan,An unverified report supposedly proves a secret government plan. The article encourages readers to believe the information without providing reliable evidence. The information has circulated widely on social media. The story contains sensational statements without supporting evidence.,business,2025-07-20,0
VIRAL: an unverified article claims a mysterious experiment,An unverified article claims a mysterious experiment. The article asks readers to share the information immediately. The story contains sensational statements without supporting evidence. The article asks readers to share the information immediately.,education,2025-02-19,0
SHOCKING: a secret government plan is said to reveal by a sensational website,A sensational website is said to reveal a secret government plan. The source does not provide reliable documents or research. The report provides no verifiable evidence for the claim. The article asks readers to share the information immediately.,environment,2025-09-04,0
education officials presented updated public guidance,Education officials presented updated public guidance. The proposal will be considered by the relevant authorities. Researchers said additional studies are needed to understand the long-term effects. The study examined available evidence and identified several areas for further research.,science,2025-08-03,1
university researchers approved updated information on a new policy proposal,University researchers approved a new policy proposal. The company said more details would be provided after the review. The proposal will be considered by the relevant authorities. The organization said the program would be implemented in phases.,education,2025-04-02,1
company representatives published updated information on a new research report,Company representatives published a new research report. Researchers said additional studies are needed to understand the long-term effects. The announcement included information about the project and its expected implementation. The company said more details would be provided after the review.,technology,2025-09-09,1
New Delhi: university researchers reviewed a public transport plan,University researchers reviewed a public transport plan. The study examined available evidence and identified several areas for further research. The study examined available evidence and identified several areas for further research. The announcement included information about the project and its expected implementation.,health,2025-09-12,1
New report: transport authorities published the results of a study,Transport authorities published the results of a study. The findings were presented during a public meeting. The company said more details would be provided after the review. The proposal will be considered by the relevant authorities.,government,2025-10-09,1
the country authorities confirmed a new policy proposal,Scientists confirmed a new policy proposal. The findings were presented during a public meeting. The company said more details would be provided after the review. The organization said the program would be implemented in phases.,environment,2025-06-06,1
URGENT: a miraculous discovery reportedly discovered,A mysterious source reportedly reveals a miraculous discovery. The source does not provide reliable documents or research. The story contains sensational statements without supporting evidence. The article encourages readers to believe the information without providing reliable evidence.,environment,2025-11-03,0
Chennai: researchers released a new policy proposal,Researchers released a new policy proposal. The findings were presented during a public meeting. Officials said the measure would be reviewed periodically. The announcement included information about the project and its expected implementation.,business,2025-12-01,1
BREAKING: an unverified article supposedly proves a secret cure,An unverified article supposedly proves a secret cure. The information has circulated widely on social media. The story says officials are hiding the information from the public. The story contains sensational statements without supporting evidence.,sports,2025-04-19,0
New Delhi: researchers examined a research project,Researchers examined a research project. Officials encouraged the public to use information from reliable sources. The proposal will be considered by the relevant authorities. Officials encouraged the public to use information from reliable sources.,business,2025-08-17,1
BREAKING: an online claim is said to reveal a mysterious experiment,An online claim is said to reveal a mysterious experiment. The story says officials are hiding the information from the public. No independent organization has confirmed the claim. The report provides no verifiable evidence for the claim.,business,2025-06-27,0
scientists approved updated information on a technology update,Scientists approved a technology update. Researchers said additional studies are needed to understand the long-term effects. Officials said the measure would be reviewed periodically. The company said more details would be provided after the review.,transport,2025-01-12,1
industry analysts announced updated information on updated safety measures,Industry analysts announced updated safety measures. The findings were presented during a public meeting. The study examined available evidence and identified several areas for further research. The company said more details would be provided after the review.,technology,2025-11-10,1
Kolkata: university researchers published a new policy proposal,University researchers published a new policy proposal. Researchers said additional studies are needed to understand the long-term effects. The company said more details would be provided after the review. The organization said the program would be implemented in phases.,sports,2025-04-18,1
SHOCKING: a hidden international agreement alleges by a mysterious source,A mysterious source alleges a hidden international agreement. The report provides no verifiable evidence for the claim. The information has circulated widely on social media. The report uses anonymous sources without identifying them.,technology,2025-10-18,0
SHOCKING: a completely unknown city secretly announces by a viral video,A viral video secretly announces a completely unknown city. The article encourages readers to believe the information without providing reliable evidence. The source does not provide reliable documents or research. The story contains sensational statements without supporting evidence.,health,2025-12-21,0
India: education officials published a new research report,Education officials published a new research report. The report included data collected over several months. Officials said the measure would be reviewed periodically. Officials said the measure would be reviewed periodically.,transport,2025-11-16,1
a viral video apparently confirms a mysterious experiment,A viral video apparently confirms a mysterious experiment. The report uses anonymous sources without identifying them. The report provides no verifiable evidence for the claim. The story says officials are hiding the information from the public.,environment,2025-09-15,0
SHOCKING: a secret government plan secretly announces by a social media message,A social media message secretly announces a secret government plan. The article asks readers to share the information immediately. The report provides no verifiable evidence for the claim. The story contains sensational statements without supporting evidence.,government,2025-03-28,0
Bengaluru authorities published updated safety measures,Industry analysts published updated safety measures. Officials encouraged the public to use information from reliable sources. The report included data collected over several months. The study examined available evidence and identified several areas for further research.,science,2025-06-09,1
scientists examined a research project,Scientists examined a research project. The organization said the program would be implemented in phases. The study examined available evidence and identified several areas for further research. The findings were presented during a public meeting.,education,2025-07-20,1
company representatives announced a new development program,Company representatives announced a new development program. The proposal will be considered by the relevant authorities. The announcement included information about the project and its expected implementation. The study examined available evidence and identified several areas for further research.,science,2025-07-02,1
New Delhi: education officials released a new research report,Education officials released a new research report. The proposal will be considered by the relevant authorities. The study examined available evidence and identified several areas for further research. The organization said the program would be implemented in phases.,sports,2025-03-21,1
BREAKING: an online claim mysteriously claims a hidden international agreement,An online claim mysteriously claims a hidden international agreement. The source does not provide reliable documents or research. The source does not provide reliable documents or research. The report uses anonymous sources without identifying them.,science,2025-10-10,0
an internet report mysteriously claims a completely unknown city,An internet report mysteriously claims a completely unknown city. No independent organization has confirmed the claim. The story contains sensational statements without supporting evidence. The story says officials are hiding the information from the public.,transport,2025-06-03,0
Delhi: researchers introduced updated safety measures,Researchers introduced updated safety measures. Officials said the measure would be reviewed periodically. The report included data collected over several months. The findings were presented during a public meeting.,space,2025-01-23,1
New report: government officials announced updated public guidance,Government officials announced updated public guidance. Officials said the measure would be reviewed periodically. The report included data collected over several months. Researchers said additional studies are needed to understand the long-term effects.,transport,2025-10-15,1
URGENT: a mysterious experiment reportedly discovered,An unverified article mysteriously claims a mysterious experiment. The report provides no verifiable evidence for the claim. The report provides no verifiable evidence for the claim. The story contains sensational statements without supporting evidence.,technology,2025-12-17,0
Chennai authorities examined the results of a study,Researchers examined the results of a study. Officials encouraged the public to use information from reliable sources. The organization said the program would be implemented in phases. Officials encouraged the public to use information from reliable sources.,space,2025-05-23,1
a sensational website is said to reveal a mysterious experiment,A sensational website is said to reveal a mysterious experiment. No independent organization has confirmed the claim. The claim has not been independently verified. The source does not provide reliable documents or research.,health,2025-02-12,0
BREAKING: a viral video mysteriously claims a secret government plan,A viral video mysteriously claims a secret government plan. The claim has not been independently verified. The source does not provide reliable documents or research. The claim has not been independently verified.,education,2025-01-17,0
health officials released a technology update,Health officials released a technology update. The company said more details would be provided after the review. The organization said the program would be implemented in phases. Officials encouraged the public to use information from reliable sources.,education,2025-02-24,1
SHOCKING: a hidden technology is said to reveal by an unverified article,An unverified article is said to reveal a hidden technology. The story says officials are hiding the information from the public. The article asks readers to share the information immediately. The source does not provide reliable documents or research.,science,2025-03-20,0
Secret discovery: a secret government plan,An internet report claims a secret government plan. The story contains sensational statements without supporting evidence. The source does not provide reliable documents or research. No independent organization has confirmed the claim.,environment,2025-05-11,0
New Delhi: researchers examined a new development program,Researchers examined a new development program. Officials said the measure would be reviewed periodically. The organization said the program would be implemented in phases. The findings were presented during a public meeting.,technology,2025-10-11,1
VIRAL: an unverified article claims a completely unknown city,An unverified article claims a completely unknown city. The story contains sensational statements without supporting evidence. The story contains sensational statements without supporting evidence. The story says officials are hiding the information from the public.,health,2025-05-27,0
URGENT: a secret cure reportedly discovered,A viral post alleges a secret cure. No independent organization has confirmed the claim. The article encourages readers to believe the information without providing reliable evidence. The article encourages readers to believe the information without providing reliable evidence.,science,2025-01-22,0
URGENT: a revolutionary invention reportedly discovered,A viral video claims a revolutionary invention. The source does not provide reliable documents or research. The article encourages readers to believe the information without providing reliable evidence. The claim has not been independently verified.,sports,2025-04-26,0
Mumbai: local authorities approved a new development program,Local authorities approved a new development program. Researchers said additional studies are needed to understand the long-term effects. The report included data collected over several months. Officials said the measure would be reviewed periodically.,government,2025-06-19,1
New report: local authorities published updated public guidance,Local authorities published updated public guidance. The proposal will be considered by the relevant authorities. Researchers said additional studies are needed to understand the long-term effects. The proposal will be considered by the relevant authorities.,government,2025-07-25,1
a sensational website secretly announces a completely unknown city,A sensational website secretly announces a completely unknown city. No independent organization has confirmed the claim. No independent organization has confirmed the claim. No independent organization has confirmed the claim.,science,2025-10-12,0
an internet report mysteriously claims a hidden technology,An internet report mysteriously claims a hidden technology. The report uses anonymous sources without identifying them. The report provides no verifiable evidence for the claim. The story says officials are hiding the information from the public.,environment,2025-12-11,0
Delhi authorities reviewed a technology update,Company representatives reviewed a technology update. The findings were presented during a public meeting. The company said more details would be provided after the review. Researchers said additional studies are needed to understand the long-term effects.,science,2025-03-07,1
URGENT: a secret cure reportedly discovered,An online claim secretly announces a secret cure. The report uses anonymous sources without identifying them. The article encourages readers to believe the information without providing reliable evidence. The report provides no verifiable evidence for the claim.,transport,2025-02-09,0
New report: education officials released updated public guidance,Education officials released updated public guidance. Researchers said additional studies are needed to understand the long-term effects. The announcement included information about the project and its expected implementation. The study examined available evidence and identified several areas for further research.,technology,2025-07-15,1
New Delhi authorities reviewed the results of a study,Health officials reviewed the results of a study. The organization said the program would be implemented in phases. The company said more details would be provided after the review. Officials said the measure would be reviewed periodically.,sports,2025-11-14,1
New report: industry analysts approved an annual report,Industry analysts approved an annual report. Officials said the measure would be reviewed periodically. Officials said the measure would be reviewed periodically. The proposal will be considered by the relevant authorities.,environment,2025-09-05,1
Pune: government officials approved an annual report,Government officials approved an annual report. The announcement included information about the project and its expected implementation. The study examined available evidence and identified several areas for further research. The announcement included information about the project and its expected implementation.,government,2025-02-11,1
transport authorities introduced a technology update,Transport authorities introduced a technology update. The organization said the program would be implemented in phases. The organization said the program would be implemented in phases. Officials said the measure would be reviewed periodically.,business,2025-09-27,1
government officials presented updated information on a public transport plan,Government officials presented a public transport plan. The study examined available evidence and identified several areas for further research. Officials encouraged the public to use information from reliable sources. Officials encouraged the public to use information from reliable sources.,technology,2025-07-01,1
SHOCKING: a hidden technology is said to reveal by a social media message,A social media message is said to reveal a hidden technology. The information has circulated widely on social media. The report uses anonymous sources without identifying them. The story contains sensational statements without supporting evidence.,health,2025-12-18,0
scientists announced the results of a study,Scientists announced the results of a study. The report included data collected over several months. Researchers said additional studies are needed to understand the long-term effects. The announcement included information about the project and its expected implementation.,transport,2025-05-06,1
Secret discovery: a revolutionary invention,A mysterious source alleges a revolutionary invention. The article encourages readers to believe the information without providing reliable evidence. The report uses anonymous sources without identifying them. No independent organization has confirmed the claim.,technology,2025-01-07,0
education officials approved a new research report,Education officials approved a new research report. Researchers said additional studies are needed to understand the long-term effects. The announcement included information about the project and its expected implementation. The company said more details would be provided after the review.,technology,2025-02-15,1
local authorities published a public transport plan,Local authorities published a public transport plan. The company said more details would be provided after the review. The proposal will be considered by the relevant authorities. The study examined available evidence and identified several areas for further research.,sports,2025-01-10,1
researchers presented updated information on updated safety measures,Researchers presented updated safety measures. The findings were presented during a public meeting. Officials said the measure would be reviewed periodically. The findings were presented during a public meeting.,business,2025-10-16,1
